INCIDENT_NUMBER;OFFENSE_CODE_GROUP;OCCURRED_ON_DATE;UCR_PART;Lat;Long
I182079987;Larceny;03/10/2018 16:30;Part One;4.235.895.455;-7.105.035.005
I182079923;Warrant Arrests;03/10/2018 13:25;Part Three;4.228.873.871;-7.107.112.627
I182079848;Vandalism;02/10/2018 20:00;Part Two;4.231.775.075;-7.106.497.408
I182079783;Aggravated Assault;03/10/2018 03:13;Part One;4.231.803.027;-7.107.787.472
I182079704;Motor Vehicle Accident Response;02/10/2018 18:40;Part Three;4.231.126.459;-7.107.003.979
I182079631;Medical Assistance;02/10/2018 15:18;Part Three;4.227.668.221;-7.112.065.268
I182079557;Other;02/10/2018 11:21;Part Two;4.234.583.760;-7.114.492.138
I182079480;Other;02/10/2018 00:18;Part Two;4.235.029.374;-7.107.744.671
I182079410;Larceny;01/10/2018 17:46;Part One;4.235.103.105;-7.106.373.331
I182079342;Larceny;01/10/2018 09:15;Part One;4.235.384.568;-7.104.593.135
I182079280;Aggravated Assault;01/10/2018 11:00;Part One;4.228.245.514;-7.109.448.768
I182079214;Motor Vehicle Accident Response;01/10/2018 09:08;Part Three;4.230.916.025;-7.106.631.061
I182079140;Towed;30/09/2018 21:00;Part Three;4.237.968.456;-7.103.428.645
I182079078;Other;31/07/2018 16:00;Part Two;4.233.595.449;-7.108.301.373
I182078998;Investigate Property;30/09/2018 10:56;Part Three;4.235.064.439;-7.106.811.584
I182078915;Investigate Person;29/09/2018 23:42;Part Three;4.229.663.584;-7.108.729.385
I182078847;Drug Violation;29/09/2018 17:32;Part Two;4.231.684.532;-7.106.556.419
I182078773;Larceny;29/09/2018 11:19;Part One;4.235.095.909;-7.107.412.780
I182078707;Medical Assistance;29/09/2018 04:49;Part Three;4.229.843.275;-7.108.122.675
I182078637;Investigate Person;28/09/2018 23:11;Part Three;4.226.303.952;-7.112.230.282
I182078564;Vandalism;27/09/2018 19:11;Part Two;4.234.377.327;-7.115.305.012
I182078483;Other;28/09/2018 14:48;Part Two;4.225.556.696;-7.111.902.026
I182078412;Confidence Games;25/07/2018 00:00;Part Two;4.228.770.514;-7.113.400.450
I182078360;Verbal Disputes;28/09/2018 08:02;Part Three;4.231.825.005;-7.106.122.687
I182078281;Drug Violation;27/09/2018 19:57;Part Two;4.237.081.805;-7.103.929.078
I182078211;Vandalism;27/09/2018 14:59;Part Two;4.235.648.631;-7.105.928.145
I182078140;Drug Violation;27/09/2018 13:00;Part Two;4.231.226.446;-7.109.020.559
I182078074;Larceny From Motor Vehicle;27/09/2018 09:51;Part One;4.233.737.507;-7.104.649.644
I182077988;Simple Assault;26/09/2018 22:20;Part Two;4.232.214.915;-7.110.091.019
I182077919;Simple Assault;24/09/2018 19:15;Part Two;4.235.118.005;-7.107.666.607
I182077849;Investigate Property;26/09/2018 06:00;Part Three;4.228.944.478;-7.106.559.395
I182077784;Larceny;23/09/2018 17:27;Part One;4.234.797.240;-7.107.849.582
I182077723;Drug Violation;26/09/2018 09:00;Part Two;4.226.476.280;-7.114.657.354
I182077651;Simple Assault;25/09/2018 21:30;Part Two;4.235.637.531;-7.106.213.513
I182077583;Other;25/09/2018 16:40;Part Two;4.231.686.672;-7.106.017.060
I182077526;Property Found;25/09/2018 13:33;Part Three;4.234.828.759;-7.107.891.773
I182077470;Verbal Disputes;25/09/2018 10:00;Part Three;4.230.970.016;-7.108.582.414
I182077392;Other;24/09/2018 19:30;Part Two;4.228.576.084;-7.109.030.349
I182077331;Property Lost;21/09/2018 19:00;Part Three;4.234.410.718;-7.110.180.260
I182077266;Investigate Property;24/09/2018 15:10;Part Three;4.234.897.674;-7.116.277.319
I182077199;Motor Vehicle Accident Response;24/09/2018 10:30;Part Three;4.226.216.909;-7.112.185.558
I182077134;Motor Vehicle Accident Response;24/09/2018 09:01;Part Three;4.230.758.298;-7.107.607.488
I182077065;Vandalism;23/09/2018 21:02;Part Two;4.228.741.436;-7.111.997.361
I182076997;Motor Vehicle Accident Response;23/09/2018 16:38;Part Three;4.226.483.265;-7.115.567.877
I182076929;Violations;23/09/2018 12:02;Part Two;4.234.911.943;-7.115.469.561
I182076856;Simple Assault;23/09/2018 02:41;Part Two;4.230.782.140;-7.108.354.076
I182076779;Simple Assault;22/09/2018 19:53;Part Two;4.230.461.251;-7.107.296.566
I182076712;Investigate Person;22/09/2018 17:20;Part Three;4.236.535.761;-7.105.302.314
I182076650;Verbal Disputes;22/09/2018 13:24;Part Three;4.230.664.081;-7.108.584.976
I182076573;Investigate Property;22/09/2018 07:25;Part Three;4.238.403.056;-7.107.426.098
I182076498;Medical Assistance;21/09/2018 20:23;Part Three;4.229.742.411;-7.107.531.358
I182076422;Property Lost;21/09/2018 18:10;Part Three;4.229.338.247;-7.111.921.695
I182076343;Motor Vehicle Accident Response;21/09/2018 14:29;Part Three;4.235.415.745;-7.105.412.606
I182076268;Simple Assault;20/09/2018 14:25;Part Two;4.228.716.674;-7.107.633.479
I182076203;Investigate Property;21/09/2018 02:02;Part Three;4.232.469.443;-7.110.087.902
I182076138;Investigate Person;20/09/2018 20:44;Part Three;4.231.650.595;-7.110.714.941
I182076078;Towed;20/09/2018 16:52;Part Three;4.234.402.350;-7.107.754.900
I182076014;Medical Assistance;20/09/2018 11:16;Part Three;4.230.505.376;-7.108.403.633
I182075947;Towed;20/09/2018 08:39;Part Three;4.233.739.824;-7.107.682.106
I182075883;Motor Vehicle Accident Response;20/09/2018 02:44;Part Three;4.228.644.777;-7.112.812.657
I182075815;Investigate Property;19/09/2018 20:01;Part Three;4.233.596.847;-7.108.129.856
I182075749;Simple Assault;19/09/2018 17:00;Part Two;4.227.781.081;-7.109.104.290
I182075686;Medical Assistance;19/09/2018 13:34;Part Three;4.233.861.137;-7.115.048.997
I182075613;Investigate Person;19/09/2018 10:01;Part Three;4.234.588.967;-7.116.023.257
I182075550;Motor Vehicle Accident Response;19/09/2018 05:59;Part Three;4.229.550.007;-7.111.659.780
I182075469;Disorderly Conduct;18/09/2018 18:44;Part Two;4.231.331.580;-7.110.421.429
I182075395;Medical Assistance;18/09/2018 15:35;Part Three;4.238.229.155;-7.104.036.424
I182075330;Property Lost;17/09/2018 12:30;Part Three;4.231.396.145;-7.106.685.455
I182075262;Commercial Burglary;17/09/2018 21:00;Part One;4.236.117.403;-7.106.313.048
I182075192;Medical Assistance;17/09/2018 19:15;Part Three;4.232.809.966;-7.106.321.676
I182075130;Simple Assault;17/09/2018 17:55;Part Two;4.228.687.441;-7.109.457.079
I182075059;Investigate Person;26/06/2018 00:00;Part Three;4.230.629.234;-7.107.803.259
I182074990;Property Lost;17/09/2018 11:53;Part Three;4.226.817.397;-7.109.387.677
I182074915;Police Service Incidents;17/09/2018 07:03;Part Three;4.228.424.514;-7.108.452.739
I182074837;Harbor Related Incidents;16/09/2018 19:21;Part Three;4.235.438.252;-7.105.213.281
I182074769;Other;16/09/2018 14:30;Part Two;4.234.488.259;-7.115.216.614
I182074696;Warrant Arrests;16/09/2018 11:19;Part Three;4.235.565.410;-7.106.143.259
I182074625;Robbery;16/09/2018 02:34;Part One;4.235.375.411;-7.113.225.621
I182074550;Property Found;15/09/2018 19:42;Part Three;4.230.487.375;-7.110.721.071
I182074481;Medical Assistance;15/09/2018 15:21;Part Three;4.235.882.493;-7.105.779.650
I182074412;Other;15/09/2018 09:52;Part Two;4.228.160.055;-7.108.219.940
I182074313;Property Found;11/09/2018 19:45;Part Three;4.233.401.829;-7.107.638.124
I182074236;Medical Assistance;14/09/2018 16:13;Part Three;4.236.662.714;-7.105.164.318
I182074171;Drug Violation;14/09/2018 13:23;Part Two;4.232.866.284;-7.108.563.401
I182074099;Larceny;11/09/2018 10:30;Part One;4.234.241.506;-7.109.521.114
I182074028;Medical Assistance;13/09/2018 22:06;Part Three;4.235.512.074;-7.116.267.863
I182073956;Larceny;13/09/2018 12:00;Part One;4.235.157.076;-7.107.186.599
I182073889;Medical Assistance;12/09/2018 21:35;Part Three;4.233.311.189;-7.107.276.370
I182073819;Motor Vehicle Accident Response;13/09/2018 11:20;Part Three;4.229.198.005;-7.111.235.900
I182073750;Medical Assistance;13/09/2018 03:34;Part Three;4.235.110.203;-7.105.735.186
I182073672;Larceny;12/09/2018 17:55;Part One;4.234.797.240;-7.107.849.582
I182073606;Verbal Disputes;09/09/2018 21:00;Part Three;4.236.600.842;-7.106.403.504
I182073533;Motor Vehicle Accident Response;12/09/2018 11:55;Part Three;4.226.994.732;-7.109.380.308
I182073469;Simple Assault;20/08/2018 07:30;Part Two;4.233.417.994;-7.109.890.998
I182073407;Verbal Disputes;11/09/2018 20:56;Part Three;4.233.511.654;-7.110.767.674
I182073333;Medical Assistance;11/09/2018 18:07;Part Three;4.228.115.468;-7.111.299.557
I182073260;Medical Assistance;11/09/2018 14:15;Part Three;4.230.406.722;-7.106.760.042
I182073178;Other;11/09/2018 10:32;Part Two;4.233.383.935;-7.108.029.038
I182073097;Aggravated Assault;11/09/2018 00:55;Part One;4.231.888.243;-7.109.929.423
I182073025;Property Lost;10/09/2018 10:09;Part Three;4.234.372.964;-7.107.206.985
I182072964;Investigate Person;10/09/2018 16:09;Part Three;4.234.587.157;-7.108.938.851
I182072884;Towed;10/09/2018 09:28;Part Three;4.233.677.663;-7.107.464.452
I182072813;Towed;10/09/2018 07:49;Part Three;4.229.521.820;-7.106.068.709
I182072733;Medical Assistance;09/09/2018 18:08;Part Three;4.226.984.836;-7.109.532.394
I182072659;Vandalism;08/09/2018 22:00;Part Two;4.230.022.551;-7.107.468.313
I182072588;Larceny;09/09/2018 08:15;Part One;4.234.942.119;-7.114.899.739
I182072508;Other;08/09/2018 22:16;Part Two;4.228.410.589;-7.104.608.937
I182072431;Auto Theft;08/09/2018 17:47;Part One;4.230.664.081;-7.108.584.976
I182072360;Motor Vehicle Accident Response;08/09/2018 06:00;Part Three;4.232.552.765;-7.105.984.052
I182072293;Motor Vehicle Accident Response;08/09/2018 07:53;Part Three;4.234.911.384;-7.115.342.417
I182072218;Medical Assistance;07/09/2018 22:22;Part Three;4.229.576.380;-7.108.756.002
I182072142;Motor Vehicle Accident Response;07/09/2018 17:45;Part Three;4.235.237.073;-7.107.227.173
I182072084;Larceny From Motor Vehicle;06/09/2018 21:00;Part One;4.227.986.166;-7.113.393.547
I182072017;Violations;07/09/2018 10:25;Part Two;4.231.026.396;-7.108.201.870
I182071950;Operating Under the Influence;07/09/2018 01:19;Part Two;4.231.619.849;-7.106.264.212
I182071877;Medical Assistance;06/09/2018 16:45;Part Three;4.230.596.963;-7.105.795.570
I182071808;Larceny;31/08/2018 15:34;Part One;4.233.961.962;-7.107.699.237
I182071745;Motor Vehicle Accident Response;03/09/2018 04:30;Part Three;4.233.152.148;-7.107.085.307
I182071675;Medical Assistance;06/09/2018 06:58;Part Three;4.230.646.829;-7.107.225.146
I182071611;Property Lost;05/09/2018 14:30;Part Three;4.236.252.502;-7.102.533.782
I182071550;Motor Vehicle Accident Response;05/09/2018 14:00;Part Three;4.231.865.102;-7.108.162.344
I182071482;Missing Person Located;05/09/2018 13:17;Part Three;4.229.752.097;-7.108.502.291
I182071416;Investigate Person;05/09/2018 10:39;Part Three;4.236.233.440;-7.113.838.138
I182071337;Drug Violation;05/09/2018 04:54;Part Two;4.233.750.921;-7.105.582.443
I182071265;Harassment;01/09/2018 12:00;Part Two;4.227.791.927;-7.109.640.610
I182071195;Missing Person Located;25/08/2018 09:00;Part Three;4.232.643.571;-7.110.411.063
I182071126;Confidence Games;04/06/2018 00:00;Part Two;4.231.125.758;-7.105.708.824
I182071056;Property Found;04/09/2018 10:01;Part Three;4.232.665.471;-7.110.679.596
I182070988;Investigate Person;04/09/2018 01:24;Part Three;4.230.492.239;-7.110.298.073
I182070926;Simple Assault;03/09/2018 19:54;Part Two;4.232.188.259;-7.110.378.919
I182070856;Larceny;03/09/2018 14:31;Part One;4.235.059.717;-7.107.881.031
I182070792;Larceny;03/09/2018 11:18;Part One;4.235.095.909;-7.107.412.780
I182070725;Simple Assault;03/09/2018 02:24;Part Two;4.235.042.609;-7.116.637.332
I182070645;Simple Assault;02/09/2018 20:00;Part Two;4.235.658.500;-7.106.189.505
I182070576;Verbal Disputes;02/09/2018 14:33;Part Three;4.227.732.507;-7.109.483.139
I182070515;Investigate Property;02/09/2018 11:00;Part Three;4.237.916.578;-7.103.258.617
I182070436;Investigate Person;02/09/2018 00:20;Part Three;4.228.644.823;-7.107.117.585
I182070363;Verbal Disputes;01/09/2018 18:35;Part Three;4.233.407.624;-7.110.842.653
I182070305;Violations;01/09/2018 14:48;Part Two;4.230.307.413;-7.111.081.856
I182070240;Violations;31/08/2018 03:00;Part Two;4.228.431.486;-7.107.410.838
I182070168;Robbery;01/09/2018 01:16;Part One;4.235.650.174;-7.106.199.960
I182070102;Auto Theft;31/08/2018 21:36;Part One;4.227.969.129;-7.107.144.322
I182070041;Medical Assistance;30/08/2018 20:00;Part Three;4.232.506.222;-7.107.895.080
I182069976;Simple Assault;30/08/2018 19:22;Part Two;4.229.919.694;-7.106.046.974
I182069908;Larceny;30/08/2018 14:00;Part One;4.225.947.104;-7.115.077.874
I182069842;Violations;31/08/2018 02:14;Part Two;4.235.241.815;-7.106.525.499
I182069769;Medical Assistance;30/08/2018 19:08;Part Three;4.228.329.468;-7.108.824.065
I182069703;Simple Assault;30/08/2018 16:51;Part Two;4.233.936.809;-7.105.315.814
I182069633;Medical Assistance;27/08/2018 08:15;Part Three;4.225.621.592;-7.112.401.947
I182069563;Investigate Person;30/08/2018 09:01;Part Three;4.234.128.751;-7.105.467.933
I182069498;Investigate Property;29/08/2018 22:15;Part Three;4.232.476.494;-7.105.340.359
I182069423;Liquor Violation;29/08/2018 18:29;Part Two;4.232.925.905;-7.108.482.402
I182069348;Towed;29/08/2018 13:49;Part Three;4.233.730.678;-7.103.646.955
I182069276;Investigate Person;29/08/2018 10:33;Part Three;4.231.596.900;-7.106.625.300
I182069211;Investigate Property;29/08/2018 03:27;Part Three;4.233.790.280;-7.105.611.348
I182069132;Investigate Person;28/08/2018 19:10;Part Three;4.234.762.277;-7.107.606.735
I182069065;Other;10/08/2018 10:00;Part Two;4.234.305.189;-7.114.524.866
I182069002;Verbal Disputes;28/08/2018 12:15;Part Three;4.230.328.018;-7.107.122.308
I182068932;Property Found;25/08/2018 00:00;Part Three;4.230.938.437;-7.108.262.277
I182068859;Violations;27/08/2018 21:15;Part Two;4.233.296.400;-7.108.099.600
I182068789;Verbal Disputes;27/08/2018 16:35;Part Three;4.227.166.145;-7.109.953.382
I182068722;Larceny From Motor Vehicle;27/08/2018 15:32;Part One;4.234.686.229;-7.108.576.886
I182068650;Larceny From Motor Vehicle;27/08/2018 06:20;Part One;4.230.646.829;-7.107.225.146
I182068581;Other;27/08/2018 02:20;Part Two;4.231.024.819;-7.108.695.281
I182068506;Larceny;26/08/2018 19:30;Part One;4.234.815.229;-7.108.450.821
I182068350;Property Lost;26/08/2018 09:10;Part Three;4.234.573.350;-7.110.008.092
I182068281;Vandalism;25/08/2018 23:00;Part Two;4.230.481.467;-7.107.218.295
I182068206;Larceny;25/08/2018 17:27;Part One;4.236.183.857;-7.105.976.489
I182068137;Larceny;25/08/2018 12:13;Part One;4.233.401.829;-7.107.638.124
I182068070;Other;25/08/2018 06:47;Part Two;4.228.952.852;-7.108.851.422
I182067995;Motor Vehicle Accident Response;24/08/2018 17:30;Part Three;4.232.367.935;-7.106.785.645
I182067925;Larceny;22/08/2018 21:00;Part One;4.233.499.493;-7.109.795.718
I182067855;Aggravated Assault;24/08/2018 14:10;Part One;4.231.862.926;-7.107.271.365
I182067777;Other;24/08/2018 09:59;Part Two;4.232.902.469;-7.108.341.505
I182067717;Investigate Property;24/08/2018 00:17;Part Three;4.228.772.691;-7.105.350.569
I182067646;Larceny From Motor Vehicle;22/08/2018 10:00;Part One;4.235.613.770;-7.116.238.161
I182067575;Motor Vehicle Accident Response;22/08/2018 17:30;Part Three;4.227.839.920;-7.106.636.305
I182067511;Motor Vehicle Accident Response;23/08/2018 12:20;Part Three;4.231.444.840;-7.108.993.418
I182067439;Auto Theft;22/08/2018 19:30;Part One;4.230.209.443;-7.106.575.183
I182067373;Investigate Person;23/08/2018 00:11;Part Three;4.238.512.136;-7.101.150.101
I182067303;Motor Vehicle Accident Response;22/08/2018 18:18;Part Three;4.230.748.039;-7.110.649.768
I182067235;Restraining Order Violations;21/08/2018 00:00;Part Two;4.226.689.318;-7.110.898.767
I182067170;Counterfeiting;20/08/2018 13:00;Part Two;4.235.438.252;-7.105.213.281
I182067106;Motor Vehicle Accident Response;21/08/2018 22:30;Part Three;4.231.534.411;-7.109.584.709
I182067030;Investigate Person;21/08/2018 20:13;Part Three;4.235.339.757;-7.113.621.920
I182066960;Medical Assistance;21/08/2018 16:11;Part Three;4.234.379.826;-7.116.560.344
I182066901;Residential Burglary;21/08/2018 13:24;Part One;4.228.913.147;-7.109.293.028
I182066847;Vandalism;21/08/2018 10:55;Part Two;4.234.410.718;-7.110.180.260
I182066769;Medical Assistance;21/08/2018 01:03;Part Three;4.232.544.469;-7.106.964.485
I182066699;Drug Violation;20/08/2018 17:01;Part Two;4.233.130.578;-7.107.194.742
I182066635;Property Lost;20/08/2018 16:31;Part Three;4.227.372.385;-7.109.449.411
I182066568;Simple Assault;20/08/2018 13:00;Part Two;4.235.997.967;-7.105.474.135
I182066497;Motor Vehicle Accident Response;19/08/2018 10:00;Part Three;4.236.022.863;-7.114.271.519
I182066419;Verbal Disputes;19/08/2018 22:45;Part Three;4.229.398.908;-7.112.009.356
I182066339;Investigate Property;19/08/2018 17:44;Part Three;4.234.447.409;-7.108.889.326
I182066266;Property Found;19/08/2018 12:53;Part Three;4.231.730.290;-7.105.793.388
I182066194;Evading Fare;19/08/2018 05:12;Part Two;4.225.621.592;-7.112.401.947
I182066120;Restraining Order Violations;18/08/2018 21:48;Part Two;4.228.944.478;-7.106.559.395
I182066055;Investigate Person;18/08/2018 16:29;Part Three;4.232.469.443;-7.110.087.902
I182065974;Medical Assistance;18/08/2018 10:44;Part Three;4.227.326.387;-7.114.401.468
I182065898;Motor Vehicle Accident Response;18/08/2018 01:11;Part Three;4.229.869.500;-7.107.555.206
I182065814;Larceny;17/08/2018 19:48;Part One;4.234.493.428;-7.106.366.374
I182065748;Motor Vehicle Accident Response;17/08/2018 15:34;Part Three;4.226.628.086;-7.111.951.160
I182065690;Investigate Property;17/08/2018 13:03;Part Three;4.231.594.228;-7.111.014.262
I182065626;Larceny;16/08/2018 16:45;Part One;4.236.124.327;-7.106.497.327
I182065557;Investigate Person;16/08/2018 22:35;Part Three;4.229.040.923;-7.107.693.574
I182065479;Motor Vehicle Accident Response;16/08/2018 14:00;Part Three;4.236.243.437;-7.106.391.810
I182065413;Investigate Person;16/08/2018 13:50;Part Three;4.233.237.733;-7.108.237.779
I182065349;Verbal Disputes;16/08/2018 11:09;Part Three;4.226.864.230;-7.109.565.500
I182065288;Investigate Person;16/08/2018 03:36;Part Three;4.234.353.469;-7.109.980.109
I182065220;Larceny;01/02/2018 00:00;Part One;4.230.250.605;-7.108.329.400
I182065164;Fraud;09/08/2018 09:00;Part Two;4.227.249.455;-7.108.630.841
I182065095;Motor Vehicle Accident Response;15/08/2018 14:20;Part Three;4.231.363.409;-7.106.778.025
I182065032;Verbal Disputes;14/06/2018 00:15;Part Three;4.234.369.048;-7.109.739.817
I182064966;Simple Assault;15/08/2018 04:27;Part Two;4.231.039.358;-7.106.399.382
I182064900;Police Service Incidents;14/08/2018 19:00;Part Three;4.233.428.841;-7.107.239.518
I182064832;Larceny;14/08/2018 10:57;Part One;4.232.925.905;-7.108.482.402
I182064756;Vandalism;14/08/2018 12:07;Part Two;4.232.026.821;-7.108.150.494
I182064686;Restraining Order Violations;14/08/2018 08:42;Part Two;4.229.347.551;-7.107.124.168
I182064615;Motor Vehicle Accident Response;13/08/2018 21:42;Part Three;4.228.457.983;-7.108.083.310
I182064545;Auto Theft;12/08/2018 21:00;Part One;4.237.912.706;-7.106.122.663
I182064481;Investigate Person;13/08/2018 14:00;Part Three;4.235.438.252;-7.105.213.281
I182064413;Other;13/08/2018 08:45;Part Two;4.235.892.253;-7.105.635.419
I182064356;Warrant Arrests;13/08/2018 03:40;Part Three;4.233.189.752;-7.106.908.191
I182064282;Other;12/08/2018 18:42;Part Two;4.233.613.157;-7.108.616.978
I182064211;Drug Violation;12/08/2018 13:35;Part Two;4.227.193.021;-7.110.689.673
I182064143;Motor Vehicle Accident Response;12/08/2018 10:02;Part Three;4.228.921.036;-7.106.646.501
I182064068;Other;12/08/2018 01:30;Part Three;4.227.639.356;-7.110.175.026
I182064000;Counterfeiting;11/08/2018 19:19;Part Two;4.234.182.317;-7.107.562.989
I182063928;Verbal Disputes;11/08/2018 13:44;Part Three;4.230.587.884;-7.106.663.793
I182063862;Investigate Person;11/08/2018 09:37;Part Three;4.227.166.145;-7.109.953.382
I182063789;Verbal Disputes;11/08/2018 00:02;Part Three;4.237.954.425;-7.103.877.945
I182063722;Medical Assistance;10/08/2018 18:08;Part Three;4.233.611.200;-7.104.665.434
I182063652;Verbal Disputes;10/08/2018 15:43;Part Three;4.230.587.884;-7.106.663.793
I182063575;Towed;10/08/2018 11:51;Part Three;4.237.787.573;-7.103.995.208
I182063504;Medical Assistance;10/08/2018 08:33;Part Three;4.229.158.203;-7.106.034.341
I182063428;Property Found;09/08/2018 21:45;Part Three;4.232.092.354;-7.105.403.107
I182063354;Motor Vehicle Accident Response;09/08/2018 01:00;Part Three;4.237.797.555;-7.105.690.284
I182063279;Larceny;09/08/2018 08:30;Part One;4.234.988.575;-7.114.522.971
I182063219;Fraud;09/08/2018 12:19;Part Two;4.233.640.891;-7.108.565.039
I182063158;Drug Violation;09/08/2018 00:00;Part Two;4.230.638.323;-7.106.021.218
I182063073;Simple Assault;08/08/2018 21:28;Part Two;4.233.550.576;-7.104.291.647
I182062994;Larceny;08/08/2018 15:00;Part One;4.234.999.733;-7.108.103.440
I182062912;Fraud;02/08/2018 17:16;Part Two;4.232.635.435;-7.107.422.322
I182062847;Towed;08/08/2018 07:06;Part Three;4.235.950.778;-7.106.920.819
I182062772;Medical Assistance;07/08/2018 21:29;Part Three;4.237.685.200;-7.106.887.255
I182062694;Larceny;07/08/2018 16:01;Part One;4.234.840.576;-7.108.688.339
I182062618;Fraud;31/07/2018 00:00;Part Two;4.230.209.614;-7.106.922.842
I182062547;Aggravated Assault;07/08/2018 09:24;Part One;4.232.283.759;-7.110.096.723
I182062477;Other;06/08/2018 21:07;Part Two;4.233.383.935;-7.108.029.038
I182062411;Investigate Person;06/08/2018 17:56;Part Three;4.234.319.453;-7.106.880.537
I182062343;Vandalism;05/08/2018 02:49;Part Two;4.233.321.208;-7.103.018.110
I182062275;Police Service Incidents;06/08/2018 12:11;Part Three;4.230.570.822;-7.106.015.451
I182062213;Larceny;06/08/2018 08:35;Part One;4.233.763.461;-7.107.013.024
I182062139;Investigate Person;05/08/2018 22:21;Part Three;4.236.683.278;-7.105.261.725
I182062062;Medical Assistance;05/08/2018 17:07;Part Three;4.231.819.906;-7.110.008.709
I182061993;Police Service Incidents;04/08/2018 18:22;Part Three;4.235.395.103;-7.114.184.364
I182061916;Motor Vehicle Accident Response;05/08/2018 01:42;Part Three;4.232.130.559;-7.106.831.551
I182061838;Medical Assistance;04/08/2018 18:29;Part Three;4.234.079.000;-7.107.070.000
I182061772;Simple Assault;04/08/2018 13:00;Part Two;4.228.526.024;-7.106.444.063
I182061703;Motor Vehicle Accident Response;04/08/2018 08:49;Part Three;4.236.183.857;-7.105.976.489
I182061634;Property Found;03/08/2018 23:21;Part Three;4.231.440.549;-7.109.670.909
I182061561;Medical Assistance;03/08/2018 18:46;Part Three;4.228.341.302;-7.109.857.926
I182061487;Larceny;03/08/2018 13:53;Part One;4.227.273.548;-7.106.792.411
I182061422;Motor Vehicle Accident Response;03/08/2018 12:23;Part Three;4.229.779.768;-7.108.099.147
I182061357;Other;03/08/2018 09:20;Part Two;4.231.030.553;-7.106.784.607
I182061280;Aggravated Assault;02/08/2018 21:49;Part One;4.231.529.421;-7.109.486.034
I182061213;Vandalism;01/08/2018 14:00;Part Two;4.225.777.765;-7.111.906.855
I182061147;Property Lost;30/07/2018 14:00;Part Three;4.235.591.935;-7.106.000.539
I182061075;Other;29/07/2018 12:37;Part Two;4.232.424.069;-7.107.761.917
I182061003;Robbery;02/08/2018 08:10;Part One;4.229.861.988;-7.108.511.004
I182060920;Verbal Disputes;01/08/2018 20:21;Part Three;4.226.582.389;-7.115.205.431
I182060856;Drug Violation;01/08/2018 17:36;Part Two;4.235.517.315;-7.106.334.062
I182060785;Larceny;27/07/2018 17:00;Part One;4.225.992.567;-7.113.095.630
I182060698;Medical Assistance;01/08/2018 08:17;Part Three;4.238.071.612;-7.106.618.258
I182060625;Medical Assistance;31/07/2018 20:11;Part Three;4.232.396.289;-7.108.267.290
I182060557;Verbal Disputes;31/07/2018 17:04;Part Three;4.226.483.265;-7.115.567.877
I182060488;Investigate Property;31/07/2018 12:33;Part Three;4.236.192.792;-7.107.081.974
I182060416;Property Lost;31/07/2018 10:45;Part Three;4.228.555.413;-7.108.245.623
I182060336;Other;30/07/2018 23:18;Part Two;4.228.968.383;-7.112.256.982
I182060261;Fraud;27/07/2018 21:00;Part Two;4.233.773.362;-7.103.548.407
I182060196;Vandalism;30/07/2018 15:23;Part Two;4.230.010.597;-7.107.102.710
I182060132;Aggravated Assault;26/07/2018 12:42;Part One;4.232.274.491;-7.107.799.077
I182059991;Larceny;29/07/2018 22:00;Part One;4.232.287.413;-7.110.155.354
I182059912;Violations;29/07/2018 17:21;Part Two;4.230.801.734;-7.108.870.712
I182059840;Investigate Person;29/07/2018 12:00;Part Three;4.225.621.592;-7.112.401.947
I182059768;Medical Assistance;29/07/2018 03:16;Part Three;4.229.118.850;-7.111.801.050
I182059700;Restraining Order Violations;28/07/2018 21:03;Part Two;4.232.793.203;-7.108.222.598
I182059638;Other;28/07/2018 15:00;Part Two;4.234.478.782;-7.108.740.728
I182059570;Missing Person Located;28/07/2018 12:15;Part Three;4.228.187.558;-7.108.550.538
I182059504;Vandalism;27/07/2018 13:00;Part Two;4.230.549.822;-7.112.446.139
I182059424;Larceny;27/07/2018 22:11;Part One;4.225.621.592;-7.112.401.947
I182059351;Residential Burglary;27/07/2018 13:00;Part One;4.231.202.047;-7.108.851.632
I182059280;Motor Vehicle Accident Response;27/07/2018 12:00;Part Three;4.231.337.034;-7.108.363.085
I182059219;Investigate Property;26/07/2018 08:15;Part Three;4.230.919.422;-7.108.488.946
I182059145;Simple Assault;27/07/2018 00:26;Part Two;4.228.389.647;-7.109.168.024
I182059077;Investigate Property;26/07/2018 18:46;Part Three;4.229.818.638;-7.106.402.824
I182059010;Investigate Property;26/07/2018 16:13;Part Three;4.234.653.820;-7.109.880.598
I182058935;Property Lost;01/02/2018 00:00;Part Three;4.235.555.336;-7.115.274.721
I182058869;Commercial Burglary;26/07/2018 06:01;Part One;4.234.723.166;-7.104.992.718
I182058801;Larceny;25/07/2018 20:57;Part One;4.233.380.683;-7.110.377.843
I182058738;Offenses Against Child / Family;21/07/2018 00:00;Part Two;4.233.744.152;-7.110.428.096
I182058666;Medical Assistance;25/07/2018 14:01;Part Three;4.236.071.669;-7.114.290.976
I182058605;Fraud;17/06/2018 08:00;Part Two;4.235.115.368;-7.117.291.563
I182058541;Investigate Person;25/07/2018 02:27;Part Three;4.234.968.280;-7.106.656.125
I182058463;Investigate Person;24/07/2018 16:34;Part Three;4.233.237.733;-7.108.237.779
I182058392;Simple Assault;13/07/2018 21:00;Part Two;4.232.269.854;-7.106.699.941
I182058317;Vandalism;24/07/2018 13:25;Part Two;4.234.149.581;-7.107.624.518
I182058246;Larceny;23/07/2018 20:00;Part One;4.228.055.389;-7.112.554.073
I182058176;Towed;23/07/2018 20:52;Part Three;4.228.803.351;-7.108.241.673
I182058106;Drug Violation;23/07/2018 17:20;Part Two;4.230.263.978;-7.106.038.376
I182058034;Larceny;21/07/2018 15:00;Part One;4.236.579.076;-7.105.116.185
I182057967;Investigate Property;23/07/2018 11:30;Part Three;4.230.482.874;-7.111.338.552
I182057839;Simple Assault;22/07/2018 19:42;Part Two;4.235.650.174;-7.106.199.960
I182057779;Investigate Person;22/07/2018 16:01;Part Three;4.234.136.252;-7.106.707.636
I182057707;Police Service Incidents;22/07/2018 09:30;Part Three;4.232.291.406;-7.110.328.402
I182057628;Motor Vehicle Accident Response;22/07/2018 00:45;Part Three;4.231.447.737;-7.109.138.724
I182057558;Larceny From Motor Vehicle;21/07/2018 15:00;Part One;4.232.160.158;-7.109.203.547
I182057487;Simple Assault;21/07/2018 13:43;Part Two;4.234.442.266;-7.109.833.083
I182057421;Simple Assault;21/07/2018 10:30;Part Two;4.235.176.179;-7.107.452.168
I182057344;Violations;21/07/2018 00:00;Part Two;4.231.857.590;-7.108.767.243
I182057277;Larceny;20/07/2018 00:00;Part One;4.231.771.534;-7.109.823.049
I182057217;Drug Violation;20/07/2018 12:00;Part Two;4.233.572.403;-7.107.232.651
I182057143;Missing Person Reported;10/07/2018 16:00;Part Three;4.229.894.455;-7.110.233.161
I182057079;Liquor Violation;20/07/2018 08:57;Part Two;4.226.817.397;-7.109.387.677
I182057001;Verbal Disputes;19/07/2018 22:32;Part Three;4.232.171.349;-7.108.260.822
I182056927;Motor Vehicle Accident Response;19/07/2018 18:20;Part Three;4.235.415.745;-7.105.412.606
I182056856;Towed;19/07/2018 14:30;Part Three;4.230.687.776;-7.111.707.084
I182056777;Property Lost;19/07/2018 10:40;Part Three;4.232.579.408;-7.108.563.758
I182056714;Firearm Violations;19/07/2018 01:06;Part Two;4.232.952.036;-7.108.530.641
I182056635;Investigate Person;18/07/2018 17:12;Part Three;4.232.996.524;-7.108.570.319
I182056564;Property Lost;12/07/2018 20:20;Part Three;4.236.600.842;-7.106.403.504
I182056491;Police Service Incidents;18/07/2018 10:43;Part Three;4.231.624.019;-7.111.267.011
I182056422;Towed;18/07/2018 06:17;Part Three;4.236.335.722;-7.113.289.531
I182056357;Verbal Disputes;17/07/2018 18:53;Part Three;4.231.788.029;-7.108.629.880
I182056283;Missing Person Reported;15/07/2018 17:30;Part Three;4.229.042.439;-7.106.380.740
I182056222;Property Lost;14/06/2018 08:00;Part Three;4.234.660.366;-7.109.497.996
I182056156;Motor Vehicle Accident Response;17/07/2018 07:25;Part Three;4.231.893.878;-7.109.826.197
I182056094;Larceny;16/07/2018 20:11;Part One;4.231.860.134;-7.108.405.792
I182056019;Drug Violation;16/07/2018 17:21;Part Two;4.234.266.946;-7.114.098.779
I182055959;Larceny;16/07/2018 13:32;Part One;4.234.977.000;-7.108.529.411
I182055896;Motor Vehicle Accident Response;16/07/2018 09:56;Part Three;4.236.474.297;-7.106.256.983
I182055823;Medical Assistance;15/07/2018 22:09;Part Three;4.230.175.853;-7.107.462.980
I182055757;Investigate Property;15/07/2018 17:46;Part Three;4.230.692.571;-7.109.785.573
I182055692;Investigate Property;15/07/2018 12:15;Part Three;4.229.093.382;-7.112.332.234
I182055619;Investigate Person;15/07/2018 06:19;Part Three;4.228.269.946;-7.111.886.352
I182055554;Medical Assistance;14/07/2018 20:49;Part Three;4.230.829.668;-7.106.747.771
I182055486;Evading Fare;14/07/2018 13:53;Part Two;4.234.932.471;-7.108.014.801
I182055417;Investigate Property;14/07/2018 11:38;Part Three;4.229.478.707;-7.108.206.875
I182055344;Property Lost;14/07/2018 02:50;Part Three;4.232.195.809;-7.108.351.213
I182055276;Vandalism;13/07/2018 07:00;Part Two;4.234.648.170;-7.106.390.435
I182055212;Motor Vehicle Accident Response;13/07/2018 16:45;Part Three;4.226.128.526;-7.112.155.250
I182055141;Other;13/07/2018 13:23;Part Two;4.228.702.169;-7.108.754.609
I182055064;Larceny From Motor Vehicle;03/07/2018 19:00;Part One;4.234.488.838;-7.107.558.850
I182054994;Landlord/Tenant Disputes;12/07/2018 19:42;Part Three;4.228.413.536;-7.106.957.385
I182054936;Disorderly Conduct;12/07/2018 17:59;Part Two;4.232.277.007;-7.110.445.458
I182054866;Restraining Order Violations;12/07/2018 14:09;Part Two;4.234.624.718;-7.107.059.624
I182054795;Property Lost;10/05/2018 12:00;Part Three;4.235.822.966;-7.105.362.239
I182054724;Other;12/07/2018 00:13;Part Two;4.234.326.644;-7.109.719.321
I182054651;Simple Assault;11/07/2018 18:53;Part Two;4.231.633.855;-7.106.879.992
I182054584;Drug Violation;11/07/2018 15:30;Part Two;4.233.210.843;-7.107.014.395
I182054511;Verbal Disputes;11/07/2018 12:20;Part Three;4.230.999.157;-7.110.048.419
I182054444;Auto Theft;11/07/2018 08:34;Part One;4.235.027.686;-7.106.024.470
I182054376;Larceny;10/07/2018 18:39;Part One;4.226.253.888;-7.116.506.913
I182054308;Investigate Person;10/07/2018 16:24;Part Three;4.231.596.900;-7.106.625.300
I182054247;Robbery;09/07/2018 21:00;Part One;4.232.853.529;-7.108.213.874
I182054183;Violations;10/07/2018 11:46;Part Two;4.232.203.840;-7.107.140.396
I182054119;Fraud;10/07/2018 07:50;Part Two;4.232.725.736;-7.109.274.062
I182054037;Verbal Disputes;09/07/2018 20:08;Part Three;4.231.499.993;-7.111.530.810
I182053975;Property Lost;09/07/2018 12:30;Part Three;4.233.402.461;-7.109.039.049
I182053907;Fraud;18/05/2018 00:00;Part Two;4.237.142.499;-7.103.971.329
I182053845;Simple Assault;26/06/2018 15:00;Part Two;4.230.854.728;-7.105.821.219
I182053774;Motor Vehicle Accident Response;08/07/2018 22:52;Part Three;4.235.480.857;-7.107.479.579
I182053702;Violations;08/07/2018 18:12;Part Two;4.233.585.720;-7.108.667.847
I182053632;Larceny;08/07/2018 12:16;Part One;4.230.287.064;-7.106.399.249
I182053571;Investigate Property;08/07/2018 04:33;Part Three;4.236.690.003;-7.103.741.912
I182053498;Property Lost;07/07/2018 16:00;Part Three;4.234.653.820;-7.109.880.598
I182053428;Investigate Property;07/07/2018 15:33;Part Three;4.226.352.081;-7.112.430.183
I182053363;Investigate Property;07/07/2018 11:27;Part Three;4.232.667.817;-7.107.148.110
I182053297;Missing Person Located;04/07/2018 08:00;Part Three;4.230.469.190;-7.111.040.643
I182053234;Property Lost;06/07/2018 20:41;Part Three;4.228.635.986;-7.109.088.284
I182053163;Investigate Property;06/07/2018 14:54;Part Three;4.234.186.765;-7.107.272.215
I182053095;Commercial Burglary;06/07/2018 09:45;Part One;4.235.895.455;-7.105.035.005
I182053028;Towed;06/07/2018 08:24;Part Three;4.234.650.102;-7.113.612.792
I182052958;Property Lost;03/07/2018 11:00;Part Three;4.234.587.157;-7.108.938.851
I182052877;Motor Vehicle Accident Response;05/07/2018 18:21;Part Three;4.233.858.906;-7.104.838.842
I182052812;Investigate Person;05/07/2018 14:23;Part Three;4.228.526.024;-7.106.444.063
I182052738;Towed;05/07/2018 06:36;Part Three;4.231.248.165;-7.104.829.028
I182052674;Auto Theft;05/07/2018 06:50;Part One;4.230.938.437;-7.108.262.277
I182052609;Simple Assault;04/07/2018 22:39;Part Two;4.232.317.829;-7.110.590.931
I182052550;Property Lost;01/07/2018 02:00;Part Three;4.234.601.613;-7.109.381.210
I182052480;Drug Violation;04/07/2018 13:14;Part Two;4.229.091.867;-7.108.767.813
I182052419;Larceny;04/07/2018 08:53;Part One;4.227.357.721;-7.106.770.430
I182052339;Other;03/07/2018 21:00;Part Two;4.230.926.098;-7.107.233.877
I182052269;Medical Assistance;03/07/2018 17:40;Part Three;4.231.477.552;-7.109.705.119
I182052209;Verbal Disputes;03/07/2018 13:59;Part Three;4.231.989.006;-7.107.626.209
I182052144;License Violation;03/07/2018 10:57;Part Three;4.233.083.327;-7.109.757.504
I182052089;Robbery;02/07/2018 23:56;Part One;4.230.893.903;-7.106.461.576
I182052011;Missing Person Located;02/07/2018 13:30;Part Three;4.227.064.206;-7.109.587.908
I182051941;Harassment;02/07/2018 15:07;Part Two;4.232.469.443;-7.110.087.902
I182051879;Drug Violation;02/07/2018 12:49;Part Two;4.228.734.054;-7.108.323.229
I182051815;Firearm Discovery;02/07/2018 08:19;Part Three;4.233.402.461;-7.109.039.049
I182051735;Aggravated Assault;01/07/2018 20:22;Part One;4.230.938.437;-7.108.262.277
I182051674;Larceny;01/07/2018 15:45;Part One;4.235.176.179;-7.107.452.168
I182051602;Assembly or Gathering Violations;30/06/2018 19:45;Part Three;4.233.374.643;-7.107.020.353
I182051526;Towed;01/07/2018 04:30;Part Three;4.236.277.866;-7.113.846.575
I182051453;Investigate Person;30/06/2018 21:56;Part Three;4.227.779.311;-7.109.917.239
I182051391;Investigate Property;19/06/2018 20:00;Part Three;4.229.507.166;-7.104.749.709
I182051333;Medical Assistance;30/06/2018 12:12;Part Three;4.227.245.651;-7.110.731.992
I182051257;Residential Burglary;30/06/2018 04:43;Part One;4.234.403.563;-7.108.117.746
I182051185;Medical Assistance;29/06/2018 22:30;Part Three;4.228.350.362;-7.112.294.918
I182051122;Verbal Disputes;29/06/2018 17:52;Part Three;4.227.430.113;-7.107.196.905
I182051052;Medical Assistance;29/06/2018 11:57;Part Three;4.236.402.978;-7.112.863.340
I182050983;Property Lost;29/06/2018 10:21;Part Three;4.231.598.547;-7.107.986.094
I182050914;Other;29/06/2018 01:23;Part Two;4.234.241.506;-7.109.521.114
I182050845;Verbal Disputes;28/06/2018 18:37;Part Three;4.226.893.891;-7.110.477.517
I182050779;Medical Assistance;27/06/2018 16:45;Part Three;4.237.010.622;-7.103.261.984
I182050711;Motor Vehicle Accident Response;23/06/2018 10:00;Part Three;4.232.411.838;-7.106.461.321
I182050582;License Violation;27/06/2018 23:45;Part Three;4.234.905.512;-7.115.235.302
I182050523;Larceny From Motor Vehicle;26/06/2018 17:00;Part One;4.231.741.922;-7.109.567.995
I182050460;Larceny;27/06/2018 17:02;Part One;4.234.862.382;-7.108.277.637
I182050396;Harassment;26/06/2018 22:30;Part Two;4.226.701.695;-7.110.481.387
I182050331;Medical Assistance;27/06/2018 10:31;Part Three;4.226.927.333;-7.110.404.695
I182050266;Simple Assault;27/06/2018 06:44;Part Two;4.235.541.865;-7.113.301.326
I182050191;Larceny;26/06/2018 21:19;Part One;4.233.550.576;-7.104.291.647
I182050122;Drug Violation;26/06/2018 18:50;Part Two;4.233.954.199;-7.106.940.877
I182050055;Aggravated Assault;26/06/2018 14:04;Part One;4.228.608.881;-7.114.255.416
I182049995;Simple Assault;26/06/2018 11:50;Part Two;4.230.461.251;-7.107.296.566
I182049917;Medical Assistance;26/06/2018 01:24;Part Three;4.236.251.648;-7.107.066.850
I182049850;Other;25/06/2018 20:47;Part Two;4.232.553.801;-7.106.579.592
I182049779;Missing Person Reported;24/06/2018 13:00;Part Three;4.231.514.179;-7.106.704.709
I182049713;Drug Violation;25/06/2018 14:13;Part Two;4.232.696.647;-7.106.198.607
I182049651;Other;25/06/2018 08:56;Part Two;4.230.492.239;-7.110.298.073
I182049579;Medical Assistance;25/06/2018 06:56;Part Three;4.232.720.581;-7.109.414.427
I182049504;Disorderly Conduct;24/06/2018 17:07;Part Two;4.228.009.279;-7.108.005.410
I182049434;Police Service Incidents;24/06/2018 16:46;Part Three;4.228.020.911;-7.109.292.541
I182049361;Aggravated Assault;23/06/2018 21:00;Part One;4.235.650.174;-7.106.199.960
I182049294;Medical Assistance;24/06/2018 04:00;Part Three;4.232.597.067;-7.110.134.303
I182049212;Fraud;23/06/2018 19:35;Part Two;4.228.431.486;-7.107.410.838
I182049141;Motor Vehicle Accident Response;23/06/2018 15:48;Part Three;4.231.851.534;-7.109.560.596
I182049078;Vandalism;23/06/2018 11:43;Part Two;4.228.188.660;-7.109.087.050
I182049006;Missing Person Located;22/06/2018 23:57;Part Three;4.229.706.179;-7.105.528.404
I182048936;Disorderly Conduct;22/06/2018 21:50;Part Two;4.234.653.820;-7.109.880.598
I182048875;Motor Vehicle Accident Response;22/06/2018 17:15;Part Three;4.233.364.098;-7.110.088.910
I182048807;Motor Vehicle Accident Response;22/06/2018 13:39;Part Three;4.236.535.919;-7.105.837.488
I182048735;Verbal Disputes;22/06/2018 09:17;Part Three;4.231.957.856;-7.104.032.766
I182048665;Investigate Person;22/06/2018 01:06;Part Three;4.235.302.384;-7.115.475.040
I182048600;Verbal Disputes;21/06/2018 19:07;Part Three;4.224.283.958;-7.113.775.752
I182048528;Vandalism;21/06/2018 15:54;Part Two;4.226.276.991;-7.110.100.930
I182048463;Simple Assault;21/06/2018 10:09;Part Two;4.227.357.721;-7.106.770.430
I182048390;Other;20/06/2018 19:19;Part Two;4.235.483.584;-7.106.267.377
I182048324;Recovered Stolen Property;20/06/2018 21:34;Part Two;4.235.483.584;-7.106.267.377
I182048263;Drug Violation;20/06/2018 17:00;Part Two;4.231.357.526;-7.110.048.927
I182048199;Residential Burglary;20/06/2018 14:07;Part One;4.232.198.919;-7.109.400.837
I182048125;Missing Person Reported;20/06/2018 11:13;Part Three;4.229.603.943;-7.107.717.023
I182048066;Medical Assistance;20/06/2018 00:45;Part Three;4.229.171.816;-7.108.911.807
I182047994;Other;18/06/2018 19:00;Part Two;4.230.370.925;-7.108.313.459
I182047928;Vandalism;19/06/2018 12:00;Part Two;4.227.189.681;-7.110.283.363
I182047860;Larceny;19/06/2018 00:18;Part One;4.235.118.005;-7.107.666.607
I182047777;Vandalism;18/06/2018 16:15;Part Two;4.237.412.321;-7.103.280.258
I182047692;Medical Assistance;19/06/2018 01:08;Part Three;4.235.126.907;-7.115.215.623
I182047620;Simple Assault;18/06/2018 19:49;Part Two;4.231.431.291;-7.105.481.059
I182047555;Warrant Arrests;15/06/2018 17:26;Part Three;4.238.093.345;-7.104.023.929
I182047474;Motor Vehicle Accident Response;18/06/2018 12:44;Part Three;4.234.221.544;-7.108.577.075
I182047405;Verbal Disputes;18/06/2018 09:30;Part Three;4.236.579.076;-7.105.116.185
I182047327;Motor Vehicle Accident Response;18/06/2018 00:25;Part Three;4.225.915.350;-7.115.969.650
I182047266;Property Lost;17/06/2018 14:00;Part Three;4.228.596.734;-7.113.335.785
I182047202;Landlord/Tenant Disputes;17/06/2018 14:07;Part Three;4.228.039.667;-7.109.473.186
I182047140;Towed;17/06/2018 06:48;Part Three;4.230.204.532;-7.107.071.522
I182047063;Simple Assault;16/06/2018 22:22;Part Two;4.230.262.129;-7.107.918.399
I182046998;Investigate Person;16/06/2018 18:38;Part Three;4.232.087.449;-7.109.190.003
I182046924;Towed;16/06/2018 12:09;Part Three;4.231.516.186;-7.110.634.685
I182046863;Vandalism;15/06/2018 15:00;Part Two;4.231.282.319;-7.106.746.355
I182046795;Medical Assistance;15/06/2018 22:58;Part Three;4.228.936.677;-7.113.564.964
I182046730;Residential Burglary;15/06/2018 07:30;Part One;4.228.813.676;-7.109.475.747
I182046663;Fraud;08/06/2018 16:00;Part Two;4.235.218.278;-7.105.567.880
I182046593;Larceny From Motor Vehicle;15/06/2018 12:20;Part One;4.236.142.133;-7.113.605.855
I182046523;Towed;15/06/2018 10:00;Part Three;4.232.639.844;-7.111.152.626
I182046456;Investigate Person;15/06/2018 01:23;Part Three;4.229.632.282;-7.106.356.881
I182046383;Towed;14/06/2018 19:32;Part Three;4.231.571.577;-7.105.815.527
I182046325;Missing Person Reported;13/06/2018 06:30;Part Three;4.233.767.953;-7.107.529.119
I182046256;Property Lost;14/06/2018 09:30;Part Three;4.230.433.950;-7.108.477.887
I182046190;Larceny;13/06/2018 23:00;Part One;4.234.339.388;-7.109.849.282
I182046128;Investigate Property;14/06/2018 07:02;Part Three;4.233.346.285;-7.116.716.535
I182046068;Property Found;13/06/2018 22:19;Part Three;4.228.482.577;-7.109.137.369
I182045993;Drug Violation;13/06/2018 17:53;Part Two;4.228.482.577;-7.109.137.369
I182045926;Larceny;13/06/2018 12:15;Part One;4.233.648.288;-7.103.663.037
I182045852;Investigate Person;13/02/2018 10:22;Part Three;4.234.102.033;-7.107.972.113
I182045788;Firearm Violations;13/06/2018 03:01;Part Two;4.230.775.024;-7.108.273.084
I182045713;Liquor Violation;12/06/2018 18:30;Part Two;4.232.995.896;-7.108.694.241
I182045650;Motor Vehicle Accident Response;12/06/2018 15:38;Part Three;4.229.848.866;-7.106.313.294
I182045588;Larceny;12/06/2018 13:40;Part One;4.236.990.005;-7.104.003.478
I182045521;Drug Violation;12/06/2018 11:33;Part Two;4.232.866.284;-7.108.563.401
I182045444;Towed;12/06/2018 01:33;Part Three;4.230.022.551;-7.107.468.313
I182045376;Medical Assistance;11/06/2018 18:50;Part Three;4.226.449.070;-7.112.734.986
I182045306;Verbal Disputes;11/06/2018 16:54;Part Three;4.230.040.780;-7.107.647.974
I182045235;Fraud;08/05/2018 14:04;Part Two;4.225.127.804;-7.112.019.402
I182045165;Medical Assistance;11/06/2018 10:12;Part Three;4.230.010.597;-7.107.102.710
I182045093;Investigate Property;11/06/2018 01:42;Part Three;4.232.336.038;-7.110.956.421
I182045019;Larceny;10/06/2018 20:33;Part One;4.232.291.406;-7.110.328.402
I182044952;Simple Assault;10/06/2018 11:20;Part Two;4.230.173.922;-7.108.521.627
I182044890;Vandalism;10/06/2018 10:33;Part Two;4.227.204.895;-7.112.014.638
I182044821;Aggravated Assault;09/06/2018 23:47;Part One;4.231.353.801;-7.105.765.738
I182044756;Verbal Disputes;09/06/2018 18:32;Part Three;4.230.190.019;-7.106.777.275
I182044682;Vandalism;09/06/2018 13:58;Part Two;4.228.079.658;-7.109.039.724
I182044615;Vandalism;08/06/2018 18:00;Part Two;4.234.369.126;-7.109.103.450
I182044546;Aggravated Assault;09/06/2018 00:08;Part One;4.232.194.840;-7.108.138.427
I182044478;Motor Vehicle Accident Response;08/06/2018 17:25;Part Three;4.235.521.429;-7.106.206.351
I182044419;Larceny;07/06/2018 14:28;Part One;4.232.919.289;-7.108.730.233
I182044351;Motor Vehicle Accident Response;08/06/2018 13:07;Part Three;4.232.640.465;-7.110.062.965
I182044277;Towed;08/06/2018 08:42;Part Three;4.234.234.193;-7.105.633.276
I182044203;Other;07/06/2018 11:51;Part Two;4.235.794.791;-7.105.082.219
I182044145;Larceny;07/06/2018 18:47;Part One;4.234.862.382;-7.108.277.637
I182044076;Investigate Person;07/06/2018 15:44;Part Three;4.226.802.400;-7.109.301.057
I182044007;Motor Vehicle Accident Response;07/06/2018 12:00;Part Three;4.235.274.116;-7.116.003.433
I182043949;Fraud;01/06/2018 00:00;Part Two;4.235.468.361;-7.113.474.620
I182043884;Verbal Disputes;06/06/2018 22:17;Part Three;4.230.250.605;-7.108.329.400
I182043816;Drug Violation;06/06/2018 17:30;Part Two;4.233.032.684;-7.104.982.159
I182043754;Police Service Incidents;06/06/2018 15:56;Part Three;4.228.439.820;-7.106.468.373
I182043685;Other;06/06/2018 12:29;Part Two;4.228.526.024;-7.106.444.063
I182043610;Motor Vehicle Accident Response;06/06/2018 08:00;Part Three;4.235.054.962;-7.111.033.279
I182043540;Investigate Property;05/06/2018 21:51;Part Three;4.229.579.205;-7.106.245.826
I182043482;Missing Person Located;05/06/2018 17:58;Part Three;4.232.083.820;-7.109.018.598
I182043408;Medical Assistance;05/06/2018 14:37;Part Three;4.231.779.354;-7.104.210.959
I182043331;Police Service Incidents;05/06/2018 11:09;Part Three;4.233.328.941;-7.106.818.148
I182043267;Larceny From Motor Vehicle;05/06/2018 07:01;Part One;4.231.363.545;-7.108.251.322
I182043202;Auto Theft;21/05/2018 09:00;Part One;4.230.492.795;-7.105.979.933
I182043140;Drug Violation;04/06/2018 17:15;Part Two;4.233.500.700;-7.107.506.700
I182043074;Medical Assistance;04/06/2018 13:03;Part Three;4.229.244.897;-7.111.521.596
I182043006;Auto Theft;04/06/2018 09:24;Part One;4.231.741.922;-7.109.567.995
I182042940;Verbal Disputes;03/06/2018 22:24;Part Three;4.227.661.501;-7.108.029.831
I182042856;Police Service Incidents;03/06/2018 16:33;Part Three;4.234.717.363;-7.109.644.390
I182042783;Simple Assault;03/06/2018 10:00;Part Two;4.233.253.100;-7.107.213.000
I182042700;Aggravated Assault;02/06/2018 23:55;Part One;4.233.611.200;-7.104.665.434
I182042628;Missing Person Reported;02/06/2018 18:31;Part Three;4.227.562.519;-7.113.142.204
I182042564;Medical Assistance;02/06/2018 14:25;Part Three;4.230.530.021;-7.110.799.766
I182042500;Confidence Games;30/03/2018 12:00;Part Two;4.235.916.991;-7.105.772.912
I182042426;Other;02/06/2018 00:58;Part Two;4.234.597.769;-7.108.392.801
I182042350;Vandalism;01/06/2018 20:01;Part Two;4.230.131.086;-7.108.443.841
I182042283;Fraud;01/02/2018 00:00;Part Two;4.231.957.856;-7.104.032.766
I182042220;Vandalism;01/06/2018 06:30;Part Two;4.235.194.780;-7.113.410.791
I182042152;Larceny;08/05/2018 00:00;Part One;4.233.828.866;-7.107.908.476
I182042081;Towed;01/06/2018 00:50;Part Three;4.234.819.899;-7.113.941.863
I182041999;Missing Person Reported;31/05/2018 17:43;Part Three;4.229.281.079;-7.107.327.594
I182041917;Other;30/05/2018 14:00;Part Two;4.229.350.931;-7.107.991.323
I182041855;Aggravated Assault;31/05/2018 12:04;Part One;4.233.152.148;-7.107.085.307
I182041783;Towed;31/05/2018 07:18;Part Three;4.236.901.261;-7.103.725.426
I182041706;Medical Assistance;30/05/2018 20:31;Part Three;4.227.913.841;-7.108.797.090
I182041640;Medical Assistance;30/05/2018 17:03;Part Three;4.231.676.691;-7.107.714.054
I182041574;Missing Person Located;14/05/2018 00:00;Part Three;4.229.514.574;-7.107.434.139
I182041507;Property Lost;30/04/2018 11:24;Part Three;4.231.768.581;-7.106.656.219
I182041423;Other;29/05/2018 23:48;Part Two;4.231.398.981;-7.107.584.635
I182041353;Simple Assault;29/05/2018 18:40;Part Two;4.236.423.840;-7.106.165.515
I182041286;Larceny;29/05/2018 15:34;Part One;4.230.086.318;-7.105.788.196
I182041213;Towed;29/05/2018 09:00;Part Three;4.235.835.329;-7.106.970.441
I182041137;Medical Assistance;27/05/2018 11:00;Part Three;4.236.668.653;-7.112.529.557
I182041068;Larceny From Motor Vehicle;28/05/2018 22:58;Part One;4.235.073.001;-7.108.660.505
I182041003;Larceny;28/05/2018 19:08;Part One;4.234.749.899;-7.107.925.506
I182040933;Vandalism;27/05/2018 11:30;Part Two;4.237.161.486;-7.103.766.485
I182040859;Vandalism;26/05/2018 22:30;Part Two;4.235.804.834;-7.105.403.866
I182040786;Simple Assault;27/05/2018 22:10;Part Two;4.234.896.638;-7.115.834.360
I182040709;Medical Assistance;27/05/2018 15:54;Part Three;4.229.910.777;-7.106.829.572
I182040639;Verbal Disputes;27/05/2018 12:25;Part Three;4.228.312.575;-7.108.651.181
I182040567;Motor Vehicle Accident Response;27/05/2018 02:09;Part Three;4.233.616.864;-7.108.042.312
I182040498;Drug Violation;26/05/2018 20:40;Part Two;4.230.097.791;-7.107.077.333
I182040439;Larceny;26/05/2018 17:06;Part One;4.233.380.683;-7.110.377.843
I182040368;Fire Related Reports;26/05/2018 10:47;Part Three;4.236.253.082;-7.114.013.165
I182040296;Police Service Incidents;25/05/2018 19:20;Part Three;4.236.668.653;-7.112.529.557
I182040224;Simple Assault;25/05/2018 22:02;Part Two;4.234.946.444;-7.114.270.449
I182040150;Violations;25/05/2018 17:26;Part Two;4.229.524.857;-7.107.108.773
I182040084;Larceny;25/05/2018 14:18;Part One;4.232.375.090;-7.105.683.105
I182040019;Simple Assault;25/05/2018 11:23;Part Two;4.235.521.625;-7.106.012.863
I182039951;Larceny From Motor Vehicle;24/05/2018 21:30;Part One;4.229.458.592;-7.105.593.300
I182039876;Larceny;23/05/2018 15:21;Part One;4.232.092.354;-7.105.403.107
I182039812;Fraud;05/04/2018 00:00;Part Two;4.231.851.417;-7.106.055.095
I182039746;Motor Vehicle Accident Response;24/05/2018 12:49;Part Three;4.229.147.239;-7.113.721.331
I182039672;Larceny From Motor Vehicle;23/05/2018 20:00;Part One;4.229.630.635;-7.113.626.504
I182039598;Property Found;23/05/2018 22:19;Part Three;4.234.894.483;-7.114.087.199
I182039535;Motor Vehicle Accident Response;19/05/2018 08:15;Part Three;4.230.175.049;-7.105.973.400
I182039462;Simple Assault;23/05/2018 15:20;Part Two;4.235.120.708;-7.105.987.799
I182039397;Larceny From Motor Vehicle;23/05/2018 13:31;Part One;4.233.044.113;-7.108.373.481
I182039326;Other Burglary;02/05/2018 16:00;Part One;4.233.076.176;-7.106.334.878
I182039253;Larceny From Motor Vehicle;23/05/2018 01:27;Part One;4.230.064.343;-7.105.407.063
I182039181;Motor Vehicle Accident Response;22/05/2018 19:00;Part Three;4.236.022.275;-7.105.713.443
I182039107;Harassment;22/05/2018 16:25;Part Two;4.235.204.779;-7.113.180.684
I182039040;Larceny;02/05/2018 15:00;Part One;4.228.410.589;-7.104.608.937
I182038969;Commercial Burglary;22/05/2018 10:12;Part One;4.233.153.509;-7.109.534.648
I182038901;Other;22/05/2018 00:37;Part Two;4.232.692.215;-7.105.447.525
I182038825;Investigate Person;21/05/2018 19:46;Part Three;4.232.665.471;-7.110.679.596
I182038761;Confidence Games;21/05/2018 12:10;Part Two;4.235.115.433;-7.106.547.895
I182038692;License Plate Related Incidents;15/04/2018 00:00;Part Three;4.229.249.991;-7.113.599.491
I182038616;Other;18/05/2018 08:30;Part Two;4.230.139.156;-7.105.907.878
I182038535;Robbery;20/05/2018 22:35;Part One;4.228.250.165;-7.106.363.830
I182038464;Larceny From Motor Vehicle;19/05/2018 16:00;Part One;4.233.248.496;-7.104.981.163
I182038399;Violations;20/05/2018 13:48;Part Two;4.228.323.233;-7.108.562.884
I182038328;Towed;20/05/2018 08:02;Part Three;4.230.652.202;-7.106.293.610
I182038252;Violations;19/05/2018 21:09;Part Two;4.230.092.795;-7.105.942.982
I182038183;Landlord/Tenant Disputes;19/05/2018 14:51;Part Three;4.225.654.895;-7.114.117.280
I182038122;Simple Assault;19/05/2018 11:43;Part Two;4.228.717.863;-7.106.390.668
I182038056;Other;19/05/2018 05:40;Part Two;4.235.370.585;-7.105.898.587
I182037985;Auto Theft;18/05/2018 21:00;Part One;4.225.562.672;-7.112.228.109
I182037923;Phone Call Complaints;18/05/2018 18:06;Part Two;4.228.118.608;-7.114.286.686
I182037852;Robbery;17/05/2018 22:30;Part One;4.237.601.727;-7.106.391.748
I182037788;Other;18/05/2018 11:36;Part Two;4.230.139.156;-7.105.907.878
I182037716;Recovered Stolen Property;18/05/2018 03:19;Part Two;4.234.701.666;-7.106.886.238
I182037645;Other;17/05/2018 21:20;Part Two;4.234.906.578;-7.113.414.695
I182037571;Simple Assault;17/05/2018 16:45;Part Two;4.235.594.239;-7.106.258.333
I182037501;Other;17/05/2018 13:42;Part Two;4.229.406.247;-7.109.004.553
I182037433;Aggravated Assault;17/05/2018 09:56;Part One;4.227.855.984;-7.109.199.697
I182037364;Verbal Disputes;17/05/2018 00:01;Part Three;4.234.622.511;-7.106.611.417
I182037296;Motor Vehicle Accident Response;16/05/2018 11:30;Part Three;4.236.032.517;-7.106.663.487
I182037228;Property Lost;16/05/2018 16:16;Part Three;4.234.442.266;-7.109.833.083
I182037161;Vandalism;15/05/2018 18:00;Part Two;4.229.369.866;-7.106.183.757
I182037088;Drug Violation;16/05/2018 03:28;Part Two;4.234.369.048;-7.109.739.817
I182037014;Medical Assistance;15/05/2018 17:17;Part Three;4.233.582.335;-7.104.722.460
I182036955;Medical Assistance;15/05/2018 16:02;Part Three;4.229.472.275;-7.107.058.534
I182036885;Other;15/05/2018 13:00;Part Two;4.226.653.769;-7.109.713.109
I182036821;Towed;15/05/2018 09:16;Part Three;4.233.636.145;-7.108.676.950
I182036750;Simple Assault;15/05/2018 00:36;Part Two;4.233.248.759;-7.108.365.801
I182036683;Other;23/05/2018 12:50;Part Two;4.234.468.541;-7.106.687.950
I182036614;Larceny;14/05/2018 15:14;Part One;4.230.349.827;-7.107.937.537
I182036543;Police Service Incidents;14/05/2018 11:22;Part Three;4.229.435.407;-7.107.306.715
I182036473;Larceny;14/05/2018 06:34;Part One;4.235.909.289;-7.105.327.197
I182036401;Medical Assistance;13/05/2018 19:12;Part Three;4.227.732.507;-7.109.483.139
I182036334;Other;13/05/2018 14:24;Part Two;4.229.212.974;-7.107.175.746
I182036266;Motor Vehicle Accident Response;13/05/2018 07:06;Part Three;4.238.594.590;-7.100.902.371
I182036205;Recovered Stolen Property;12/05/2018 22:45;Part Two;4.231.265.126;-7.111.414.509
I182036137;Simple Assault;12/05/2018 13:45;Part Two;4.230.553.202;-7.107.031.161
I182036065;Verbal Disputes;12/05/2018 10:39;Part Three;4.232.424.831;-7.110.525.188
I182035997;Simple Assault;12/05/2018 02:00;Part Two;4.233.428.841;-7.107.239.518
I182035938;Larceny;11/05/2018 20:11;Part One;4.234.862.382;-7.108.277.637
I182035866;Larceny;10/05/2018 17:47;Part One;4.229.919.694;-7.106.046.974
I182035797;Verbal Disputes;11/05/2018 12:18;Part Three;4.231.679.542;-7.107.964.562
I182035737;Other;11/05/2018 10:46;Part Two;4.229.631.481;-7.107.839.029
I182035672;Recovered Stolen Property;11/05/2018 01:29;Part Two;4.228.162.506;-7.108.319.206
I182035604;Investigate Person;10/05/2018 18:49;Part Three;4.234.815.229;-7.108.450.821
I182035547;Other;10/05/2018 16:35;Part Two;4.233.838.433;-7.105.518.865
I182035478;Investigate Property;10/05/2018 13:42;Part Three;4.232.469.443;-7.110.087.902
I182035412;Larceny From Motor Vehicle;10/05/2018 09:56;Part One;4.230.938.437;-7.108.262.277
I182035337;Simple Assault;09/05/2018 23:18;Part Two;4.237.994.025;-7.106.060.665
I182035264;Drug Violation;09/05/2018 17:14;Part Two;4.235.369.481;-7.114.741.594
I182035203;Violations;09/05/2018 14:59;Part Two;4.235.257.170;-7.107.491.630
I182035140;Larceny;09/05/2018 11:15;Part One;4.232.553.801;-7.106.579.592
I182035069;Larceny;08/05/2018 07:00;Part One;4.230.429.914;-7.110.725.969
I182034999;Larceny;08/05/2018 11:35;Part One;4.235.055.412;-7.109.056.227
I182034923;Warrant Arrests;08/05/2018 17:13;Part Three;4.224.525.124;-7.113.465.321
I182034852;Larceny;08/05/2018 11:00;Part One;4.233.428.841;-7.107.239.518
I182034786;Violations;08/05/2018 09:35;Part Two;4.230.518.490;-7.105.897.127
I182034721;Aggravated Assault;07/05/2018 20:06;Part One;4.238.719.350;-7.100.656.024
I182034657;Disorderly Conduct;07/05/2018 18:09;Part Two;4.233.014.012;-7.105.695.787
I182034587;Simple Assault;07/05/2018 15:15;Part Two;4.235.540.738;-7.106.312.433
I182034519;Disorderly Conduct;01/05/2018 11:45;Part Two;4.231.779.354;-7.104.210.959
I182034450;Larceny;04/05/2018 00:00;Part One;4.230.097.791;-7.107.077.333
I182034364;Other;06/05/2018 22:00;Part Two;4.228.979.533;-7.106.897.947
I182034292;Verbal Disputes;06/05/2018 16:57;Part Three;4.229.167.441;-7.107.172.281
I182034221;Larceny;05/05/2018 16:18;Part One;4.234.966.751;-7.113.048.678
I182034157;Investigate Property;06/05/2018 04:22;Part Three;4.230.573.977;-7.106.762.362
I182034088;Medical Assistance;05/05/2018 22:21;Part Three;4.231.429.557;-7.111.879.121
I182034014;Larceny;05/05/2018 16:00;Part One;4.236.434.304;-7.105.987.586
I182033941;Investigate Property;05/05/2018 12:28;Part Three;4.234.905.600;-7.115.049.850
I182033871;Larceny From Motor Vehicle;05/05/2018 06:48;Part One;4.232.665.471;-7.110.679.596
I182033805;Investigate Person;04/05/2018 06:00;Part Three;4.228.482.577;-7.109.137.369
I182033741;Simple Assault;04/05/2018 18:32;Part Two;4.232.935.681;-7.103.521.052
I182033667;Verbal Disputes;29/04/2018 19:15;Part Three;4.235.505.244;-7.107.390.742
I182033602;Other;02/05/2018 14:46;Part Two;4.233.507.724;-7.110.262.612
I182033540;Investigate Property;03/05/2018 22:00;Part Three;4.231.610.241;-7.107.756.199
I182033473;Medical Assistance;03/05/2018 23:26;Part Three;4.234.710.600;-7.107.975.600
I182033405;Medical Assistance;03/05/2018 18:11;Part Three;4.227.925.266;-7.106.821.603
I182033330;Medical Assistance;03/05/2018 14:20;Part Three;4.235.154.653;-7.112.789.558
I182033254;Violations;03/05/2018 10:00;Part Two;4.225.546.877;-7.112.417.959
I182033174;Motor Vehicle Accident Response;03/05/2018 01:02;Part Three;4.232.309.278;-7.106.849.047
I182033103;Larceny;02/05/2018 17:36;Part One;4.234.532.565;-7.107.497.385
I182033047;Warrant Arrests;02/05/2018 16:54;Part Three;4.230.870.310;-7.109.062.267
I182032984;Larceny;02/05/2018 07:14;Part One;4.238.020.764;-7.103.493.578
I182032921;Investigate Person;02/05/2018 11:24;Part Three;4.233.248.759;-7.108.365.801
I182032856;Commercial Burglary;01/05/2018 22:00;Part One;4.227.179.929;-7.107.287.043
I182032781;Aggravated Assault;01/05/2018 16:51;Part One;4.230.637.521;-7.108.254.143
I182032718;Drug Violation;01/05/2018 18:39;Part Two;4.234.296.677;-7.114.152.184
I182032648;Drug Violation;01/05/2018 14:48;Part Two;4.237.663.167;-7.105.593.196
I182032574;Property Lost;17/04/2018 11:03;Part Three;4.233.522.903;-7.108.165.543
I182032504;Larceny;30/04/2018 14:03;Part One;4.235.237.334;-7.112.731.071
I182032441;Motor Vehicle Accident Response;30/04/2018 18:00;Part Three;4.232.291.406;-7.110.328.402
I182032374;Property Lost;28/04/2018 19:45;Part Three;4.238.133.256;-7.102.858.842
I182032304;Property Lost;30/04/2018 11:53;Part Three;4.229.076.615;-7.109.161.537
I182032237;Harassment;30/04/2018 08:07;Part Two;4.232.052.521;-7.107.610.051
I182032168;Police Service Incidents;29/04/2018 19:00;Part Three;4.234.442.266;-7.109.833.083
I182032091;Aggravated Assault;29/04/2018 13:32;Part One;4.233.675.016;-7.107.662.788
I182032021;Fraud;29/04/2018 08:20;Part Two;4.231.949.779;-7.109.707.352
I182031959;Assembly or Gathering Violations;28/04/2018 23:28;Part Three;4.235.501.072;-7.112.887.911
I182031882;Larceny From Motor Vehicle;28/04/2018 18:40;Part One;4.235.331.987;-7.106.102.314
I182031812;Medical Assistance;28/04/2018 13:36;Part Three;4.229.506.405;-7.105.672.533
I182031748;Motor Vehicle Accident Response;28/04/2018 09:13;Part Three;4.228.642.835;-7.115.427.278
I182031686;Medical Assistance;27/04/2018 23:10;Part Three;4.232.553.801;-7.106.579.592
I182031617;Missing Person Reported;27/04/2018 15:33;Part Three;4.231.743.922;-7.107.547.845
I182031554;Vandalism;27/04/2018 12:32;Part Two;4.232.823.419;-7.108.328.981
I182031488;Counterfeiting;20/04/2018 10:58;Part Two;4.235.972.137;-7.105.852.360
I182031422;Warrant Arrests;27/04/2018 01:47;Part Three;4.232.696.647;-7.106.198.607
I182031360;Property Lost;11/04/2018 12:03;Part Three;4.234.571.916;-7.108.562.464
I182031289;Medical Assistance;26/04/2018 16:24;Part Three;4.231.193.403;-7.111.429.090
I182031217;Property Found;26/04/2018 12:02;Part Three;4.237.524.516;-7.103.674.311
I182031149;Towed;26/04/2018 06:44;Part Three;4.238.259.341;-7.103.474.979
I182031079;Harassment;23/04/2018 02:00;Part Two;4.227.934.055;-7.109.130.505
I182031010;Drug Violation;25/04/2018 16:53;Part Two;4.228.482.577;-7.109.137.369
I182030949;Larceny;25/04/2018 12:58;Part One;4.234.980.175;-7.107.840.978
I182030895;Larceny;25/04/2018 10:51;Part One;4.231.771.534;-7.109.823.049
I182030830;Simple Assault;25/04/2018 00:00;Part Two;4.234.634.226;-7.106.323.857
I182030760;Police Service Incidents;24/04/2018 20:22;Part Three;4.232.866.284;-7.108.563.401
I182030695;Larceny;24/04/2018 16:00;Part One;4.235.176.179;-7.107.452.168
I182030629;Larceny;24/04/2018 12:45;Part One;4.236.109.742;-7.106.206.081
I182030560;Investigate Person;24/04/2018 09:11;Part Three;4.229.149.357;-7.111.312.785
I182030492;Investigate Property;23/04/2018 22:15;Part Three;4.230.889.840;-7.108.305.190
I182030425;Larceny;23/04/2018 16:19;Part One;4.234.114.797;-7.108.246.189
I182030358;Investigate Person;23/04/2018 15:08;Part Three;4.228.339.069;-7.107.388.628
I182030282;Medical Assistance;23/04/2018 09:42;Part Three;4.228.397.463;-7.105.553.564
I182030201;Motor Vehicle Accident Response;22/04/2018 22:00;Part Three;4.238.614.700;-7.100.533.900
I182030129;Larceny;22/04/2018 16:32;Part One;4.225.001.483;-7.111.563.053
I182030053;Larceny From Motor Vehicle;20/04/2018 20:00;Part One;4.230.175.982;-7.107.555.177
I182029987;Aggravated Assault;22/04/2018 00:44;Part One;4.228.908.473;-7.107.122.181
I182029923;Medical Assistance;21/04/2018 18:31;Part Three;4.233.681.457;-7.104.775.660
I182029865;Medical Assistance;21/04/2018 15:00;Part Three;4.226.582.389;-7.115.205.431
I182029802;Fraud;21/04/2018 11:23;Part Two;4.229.192.092;-7.113.263.534
I182029732;Motor Vehicle Accident Response;20/04/2018 23:24;Part Three;4.233.695.092;-7.102.313.308
I182029660;Drug Violation;20/04/2018 19:03;Part Two;4.226.131.400;-7.115.706.700
I182029589;Property Lost;30/03/2018 21:20;Part Three;4.232.883.627;-7.108.459.849
I182029521;Simple Assault;20/04/2018 12:09;Part Two;4.232.196.970;-7.107.242.529
I182029456;Firearm Violations;20/04/2018 08:42;Part Two;4.229.244.178;-7.107.320.696
I182029385;Property Related Damage;19/04/2018 21:29;Part Three;4.235.400.881;-7.105.285.324
I182029309;Property Lost;19/04/2018 17:38;Part Three;4.234.410.718;-7.110.180.260
I182029249;Aggravated Assault;19/04/2018 14:36;Part One;4.228.881.222;-7.108.513.152
I182029190;Larceny From Motor Vehicle;19/04/2018 09:11;Part One;4.232.692.112;-7.105.841.861
I182029126;Towed;18/04/2018 19:13;Part Three;4.235.931.275;-7.106.682.494
I182029056;Motor Vehicle Accident Response;16/04/2018 15:55;Part Three;4.231.760.693;-7.106.636.894
I182028990;Motor Vehicle Accident Response;18/04/2018 15:33;Part Three;4.234.356.215;-7.115.454.908
I182028920;Investigate Person;18/04/2018 12:13;Part Three;4.231.682.137;-7.104.842.736
I182028855;Simple Assault;18/04/2018 03:56;Part Two;4.233.989.976;-7.107.930.014
I182028778;Investigate Person;17/04/2018 19:33;Part Three;4.231.915.263;-7.107.189.822
I182028724;Larceny;17/04/2018 16:25;Part One;4.237.421.104;-7.103.918.485
I182028658;Medical Assistance;16/04/2018 23:40;Part Three;4.229.938.509;-7.106.978.865
I182028594;Towed;17/04/2018 09:33;Part Three;4.233.138.444;-7.105.697.531
I182028523;Medical Assistance;16/04/2018 22:55;Part Three;4.234.535.675;-7.108.909.650
I182028454;Investigate Property;16/04/2018 16:25;Part Three;4.233.467.050;-7.108.893.400
I182028392;Property Lost;14/04/2018 23:30;Part Three;4.233.455.374;-7.107.560.801
I182028309;Missing Person Reported;15/04/2018 23:26;Part Three;4.228.315.423;-7.108.067.183
I182028234;Commercial Burglary;14/04/2018 18:30;Part One;4.235.997.967;-7.105.474.135
I182028161;Motor Vehicle Accident Response;15/04/2018 10:26;Part Three;4.226.355.114;-7.110.234.053
I182028084;Verbal Disputes;15/04/2018 00:30;Part Three;4.232.386.050;-7.107.600.196
I182028014;Drug Violation;14/09/2018 07:50;Part Two;4.236.728.587;-7.104.041.697
I182027952;Simple Assault;14/04/2018 14:21;Part Two;4.228.446.743;-7.111.183.089
I182027888;Property Found;14/04/2018 12:00;Part Three;4.235.241.815;-7.106.525.499
I182027815;Robbery;14/04/2018 03:28;Part One;4.238.196.252;-7.103.026.651
I182027745;Aggravated Assault;13/04/2018 21:11;Part One;4.233.452.770;-7.104.558.133
I182027676;Investigate Property;13/04/2018 17:05;Part Three;4.229.755.533;-7.105.970.910
I182027605;Medical Assistance;13/04/2018 12:44;Part Three;4.232.597.067;-7.110.134.303
I182027538;Vandalism;13/04/2018 08:14;Part Two;4.234.843.357;-7.107.587.940
I182027475;Medical Assistance;12/04/2018 23:54;Part Three;4.231.348.717;-7.107.544.518
I182027411;Larceny;12/04/2018 19:28;Part One;4.229.171.816;-7.108.911.807
I182027340;Fraud;30/03/2018 11:42;Part Two;4.232.809.966;-7.106.321.676
I182027275;Harassment;12/04/2018 12:54;Part Two;4.228.927.826;-7.107.581.493
I182027209;Medical Assistance;12/04/2018 07:45;Part Three;4.231.728.955;-7.111.001.555
I182027139;Simple Assault;11/04/2018 21:04;Part Two;4.233.007.330;-7.109.126.467
I182027074;Simple Assault;11/04/2018 16:45;Part Two;4.229.299.523;-7.112.115.364
I182027001;Larceny;11/04/2018 13:01;Part One;4.234.338.034;-7.108.627.921
I182026944;Medical Assistance;11/04/2018 10:23;Part Three;4.225.052.875;-7.112.600.162
I182026874;Medical Assistance;11/04/2018 02:05;Part Three;4.236.317.200;-7.105.959.900
I182026818;Other;10/04/2018 19:19;Part Two;4.233.144.389;-7.103.729.839
I182026760;Larceny;10/04/2018 16:34;Part One;4.228.688.203;-7.112.766.290
I182026693;Violations;10/04/2018 10:55;Part Two;4.228.817.734;-7.110.737.415
I182026629;Larceny From Motor Vehicle;09/04/2018 17:00;Part One;4.233.108.956;-7.105.626.584
I182026559;Investigate Property;08/04/2018 09:30;Part Three;4.235.398.560;-7.113.291.937
I182026492;Medical Assistance;09/04/2018 17:24;Part Three;4.233.613.157;-7.108.616.978
I182026421;Investigate Person;09/04/2018 14:00;Part Three;4.230.010.597;-7.107.102.710
I182026345;Larceny From Motor Vehicle;07/04/2018 22:10;Part One;4.229.866.422;-7.108.666.312
I182026290;Warrant Arrests;09/04/2018 04:08;Part Three;4.234.210.486;-7.108.118.057
I182026213;Other;08/04/2018 18:04;Part Two;4.231.897.920;-7.107.964.653
I182026150;Simple Assault;08/04/2018 12:43;Part Two;4.229.941.062;-7.111.517.471
I182026080;Aggravated Assault;08/04/2018 05:12;Part One;4.228.378.654;-7.108.715.810
I182026013;Other;07/04/2018 21:45;Part Two;4.234.577.820;-7.108.429.595
I182025935;Other;07/04/2018 15:56;Part Two;4.229.703.368;-7.106.860.662
I182025866;Restraining Order Violations;07/04/2018 11:51;Part Two;4.235.555.336;-7.115.274.721
I182025799;Residential Burglary;07/04/2018 03:33;Part One;4.229.176.926;-7.106.645.220
I182025717;Investigate Person;06/04/2018 18:39;Part Three;4.231.756.529;-7.108.218.680
I182025652;Property Lost;06/04/2018 11:10;Part Three;4.235.602.373;-7.106.177.615
I182025594;Medical Assistance;06/04/2018 10:48;Part Three;4.232.282.213;-7.107.984.061
I182025530;Missing Person Located;05/04/2018 17:00;Part Three;4.225.169.697;-7.111.738.135
I182025457;Drug Violation;05/04/2018 18:46;Part Two;4.232.866.284;-7.108.563.401
I182025391;Offenses Against Child / Family;05/04/2018 15:24;Part Two;4.231.684.039;-7.108.277.185
I182025327;Larceny;05/04/2018 11:53;Part One;4.227.413.021;-7.111.674.617
I182025251;Harassment;05/04/2018 08:02;Part Two;4.234.279.307;-7.114.627.684
I182025181;Verbal Disputes;04/04/2018 19:02;Part Three;4.227.331.078;-7.110.033.359
I182025110;Larceny;02/04/2018 17:06;Part One;4.236.223.947;-7.114.174.147
I182025047;Medical Assistance;04/04/2018 13:37;Part Three;4.231.479.826;-7.105.611.285
I182024985;Investigate Person;03/04/2018 13:30;Part Three;4.238.342.728;-7.107.577.143
I182024913;Towed;03/04/2018 07:06;Part Three;4.236.666.678;-7.103.792.960
I182024837;Larceny;03/04/2018 12:10;Part One;4.235.234.140;-7.106.296.987
I182024766;Larceny;18/03/2018 00:00;Part One;4.227.668.221;-7.112.065.268
I182024701;Other;03/04/2018 11:01;Part Two;4.227.133.005;-7.108.299.865
I182024645;Police Service Incidents;02/04/2018 23:08;Part Three;4.235.370.585;-7.105.898.587
I182024570;Investigate Person;02/04/2018 16:00;Part Three;4.232.742.591;-7.107.702.562
I182024506;Investigate Property;02/04/2018 16:04;Part Three;4.233.123.776;-7.109.140.736
I182024435;Vandalism;02/04/2018 11:54;Part Two;4.234.063.708;-7.107.572.281
I182024369;Auto Theft;02/04/2018 02:30;Part One;4.228.308.486;-7.113.560.093
I182024308;Vandalism;31/03/2018 23:00;Part Two;4.231.399.443;-7.110.397.926
I182024233;Restraining Order Violations;01/04/2018 15:00;Part Two;4.235.883.898;-7.106.608.613
I182024171;Towed;01/04/2018 12:00;Part Three;4.235.058.090;-7.108.373.707
I182024098;Aggravated Assault;01/04/2018 01:50;Part One;4.235.320.826;-7.104.647.140
I182024027;Drug Violation;31/03/2018 19:33;Part Two;4.233.210.843;-7.107.014.395
I182023955;Investigate Person;31/03/2018 15:02;Part Three;4.225.863.113;-7.112.088.961
I182023882;Confidence Games;12/02/2018 12:00;Part Two;4.237.843.587;-7.106.304.626
I182023820;Vandalism;30/03/2018 16:00;Part Two;4.237.081.805;-7.103.929.078
I182023748;Larceny From Motor Vehicle;25/03/2018 15:00;Part One;4.233.460.102;-7.104.386.011
I182023681;Other;30/03/2018 14:19;Part Two;4.235.283.467;-7.106.008.151
I182023621;Property Lost;20/03/2018 20:00;Part Three;4.232.326.641;-7.109.841.607
I182023554;Medical Assistance;30/03/2018 03:20;Part Three;4.233.339.529;-7.104.902.645
I182023471;Fraud;29/03/2018 18:00;Part Two;4.236.091.083;-7.106.695.882
I182023408;Towed;29/03/2018 14:02;Part Three;4.228.457.983;-7.108.083.310
I182023329;Motor Vehicle Accident Response;19/03/2018 17:35;Part Three;4.233.315.223;-7.105.700.995
I182023263;Investigate Property;29/03/2018 01:47;Part Three;4.229.127.678;-7.107.920.676
I182023195;Other;01/03/2018 18:00;Part Two;4.232.038.054;-7.106.562.780
I182023132;Offenses Against Child / Family;28/03/2018 16:08;Part Two;4.230.050.125;-7.105.511.587
I182023060;Motor Vehicle Accident Response;12/03/2018 12:00;Part Three;4.234.635.344;-7.110.381.810
I182022986;Investigate Person;28/03/2018 06:00;Part Three;4.228.154.388;-7.107.350.542
I182022918;Other;26/03/2018 16:30;Part Two;4.229.659.270;-7.107.332.173
I182022860;Towed;27/03/2018 13:30;Part Three;4.234.999.733;-7.108.103.440
I182022790;Larceny;23/03/2018 16:24;Part One;4.234.750.972;-7.109.011.373
I182022726;Violations;27/03/2018 10:04;Part Two;4.232.609.750;-7.106.755.796
I182022657;Warrant Arrests;27/03/2018 00:01;Part Three;4.235.450.139;-7.105.916.774
I182022577;Investigate Person;26/03/2018 17:08;Part Three;4.230.911.422;-7.108.667.126
I182022503;Larceny;26/03/2018 13:04;Part One;4.228.045.654;-7.112.069.275
I182022424;Verbal Disputes;26/03/2018 09:53;Part Three;4.231.669.234;-7.106.209.904
I182022350;Landlord/Tenant Disputes;25/03/2018 22:17;Part Three;4.235.294.166;-7.115.110.370
I182022279;Investigate Property;25/03/2018 13:14;Part Three;4.233.362.325;-7.103.019.240
I182022208;Vandalism;23/03/2018 17:30;Part Two;4.237.783.052;-7.106.298.221
I182022142;Aggravated Assault;25/03/2018 02:48;Part One;4.231.668.068;-7.109.638.886
I182022069;Harassment;24/03/2018 18:10;Part Two;4.229.004.971;-7.107.021.576
I182021992;Investigate Person;24/03/2018 13:27;Part Three;4.233.326.323;-7.110.848.410
I182021918;Simple Assault;24/03/2018 03:15;Part Two;4.236.026.971;-7.114.980.553
I182021849;Investigate Person;23/03/2018 18:45;Part Three;4.225.621.592;-7.112.401.947
I182021780;Counterfeiting;10/03/2018 09:00;Part Two;4.228.942.828;-7.113.835.951
I182021703;Search Warrants;23/03/2018 10:00;Part Three;4.230.007.731;-7.107.990.164
I182021639;Medical Assistance;23/03/2018 04:47;Part Three;4.235.693.030;-7.106.005.008
I182021562;Investigate Person;22/03/2018 17:38;Part Three;4.235.246.671;-7.106.167.002
I182021492;Investigate Property;22/03/2018 15:49;Part Three;4.229.755.533;-7.105.970.910
I182021426;Missing Person Located;21/03/2018 17:30;Part Three;4.232.696.802;-7.108.051.941
I182021366;Property Found;21/03/2018 18:00;Part Three;4.226.283.035;-7.110.809.203
I182021291;Vandalism;17/03/2018 00:01;Part Two;4.235.209.098;-7.114.013.099
I182021233;Medical Assistance;21/03/2018 14:11;Part Three;4.236.856.802;-7.104.121.708
I182021171;Drug Violation;21/03/2018 11:36;Part Two;4.230.923.300;-7.105.953.600
I182021114;Drug Violation;21/03/2018 04:58;Part Two;4.228.482.577;-7.109.137.369
I182021043;Medical Assistance;20/03/2018 18:06;Part Three;4.229.918.070;-7.106.429.139
I182020978;Motor Vehicle Accident Response;20/03/2018 15:31;Part Three;4.234.981.370;-7.110.581.404
I182020915;Motor Vehicle Accident Response;19/03/2018 20:45;Part Three;4.229.260.164;-7.112.248.938
I182020845;Violations;20/03/2018 08:51;Part Two;4.230.055.518;-7.111.312.439
I182020774;Medical Assistance;19/03/2018 20:48;Part Three;4.235.315.862;-7.113.289.373
I182020703;Larceny;16/03/2018 20:54;Part One;4.232.552.291;-7.106.350.970
I182020633;Property Lost;15/03/2018 08:30;Part Three;4.234.869.812;-7.103.861.624
I182020561;Towed;19/03/2018 10:54;Part Three;4.233.648.288;-7.103.663.037
I182020489;Verbal Disputes;18/03/2018 23:00;Part Three;4.225.851.870;-7.116.030.347
I182020417;Property Lost;18/03/2018 01:00;Part Three;4.229.755.533;-7.105.970.910
I182020341;Verbal Disputes;18/03/2018 13:31;Part Three;4.229.453.954;-7.108.669.890
I182020269;Vandalism;18/03/2018 01:18;Part Two;4.235.766.347;-7.105.441.230
I182020187;Investigate Property;17/03/2018 19:08;Part Three;4.230.540.934;-7.111.186.180
I182020117;Aggravated Assault;17/03/2018 14:35;Part One;4.232.324.394;-7.107.642.483
I182020052;Larceny;17/03/2018 10:43;Part One;4.236.045.096;-7.105.644.018
I182019993;Recovered Stolen Property;17/03/2018 00:52;Part Two;4.231.705.299;-7.106.521.384
I182019929;Medical Assistance;16/03/2018 18:45;Part Three;4.234.959.253;-7.114.856.689
I182019859;Verbal Disputes;16/03/2018 15:17;Part Three;4.231.736.234;-7.107.724.596
I182019797;Simple Assault;16/03/2018 12:08;Part Two;4.234.614.027;-7.114.003.692
I182019727;Motor Vehicle Accident Response;16/03/2018 05:39;Part Three;4.237.413.040;-7.106.335.838
I182019652;Medical Assistance;15/03/2018 19:44;Part Three;4.233.730.901;-7.110.977.389
I182019578;Drug Violation;15/03/2018 09:30;Part Two;4.233.130.578;-7.107.194.742
I182019528;Larceny;11/03/2018 22:30;Part One;4.234.947.586;-7.107.640.150
I182019463;Property Lost;10/03/2018 14:30;Part Three;4.234.583.760;-7.114.492.138
I182019384;Larceny;14/03/2018 12:30;Part One;4.232.618.647;-7.105.874.141
I182019319;Motor Vehicle Accident Response;12/03/2018 20:50;Part Three;4.235.182.446;-7.113.313.369
I182019258;Motor Vehicle Accident Response;14/03/2018 12:37;Part Three;4.227.494.919;-7.108.811.412
I182019206;Investigate Property;13/03/2018 01:00;Part Three;4.232.092.950;-7.110.193.789
I182019128;Medical Assistance;13/03/2018 19:05;Part Three;4.235.445.939;-7.113.091.268
I182019057;Investigate Person;13/03/2018 11:25;Part Three;4.232.863.172;-7.108.309.899
I182018973;Towed;13/03/2018 01:44;Part Three;4.229.601.566;-7.105.766.432
I182018901;Other;12/03/2018 19:12;Part Two;4.235.512.339;-7.106.087.980
I182018832;Counterfeiting;05/03/2018 11:30;Part Two;4.230.404.525;-7.105.704.706
I182018744;Residential Burglary;12/03/2018 10:45;Part One;4.234.410.718;-7.110.180.260
I182018681;Motor Vehicle Accident Response;12/03/2018 01:06;Part Three;4.226.887.390;-7.109.603.610
I182018604;Property Lost;11/03/2018 13:00;Part Three;4.226.803.620;-7.109.484.348
I182018533;Larceny From Motor Vehicle;08/03/2018 17:00;Part One;4.234.532.565;-7.107.497.385
I182018458;Motor Vehicle Accident Response;11/03/2018 00:51;Part Three;4.231.269.402;-7.106.842.736
I182018395;Residential Burglary;10/03/2018 18:02;Part One;4.228.013.508;-7.106.512.533
I182018333;Fraud;08/03/2018 18:30;Part Two;4.235.332.464;-7.105.727.637
I182018267;Larceny From Motor Vehicle;07/03/2018 12:00;Part One;4.234.210.486;-7.108.118.057
I182018190;Larceny From Motor Vehicle;09/03/2018 21:00;Part One;4.234.924.680;-7.108.956.259
I182018125;Drug Violation;09/03/2018 17:28;Part Two;4.234.827.698;-7.107.038.932
I182018061;Harassment;09/03/2018 15:38;Part Two;4.236.643.740;-7.103.226.813
I182017988;Other;09/03/2018 10:46;Part Two;4.236.192.792;-7.107.081.974
I182017922;Property Found;08/03/2018 19:04;Part Three;4.235.106.637;-7.106.549.569
I182017856;Larceny;08/03/2018 19:20;Part One;4.234.852.699;-7.106.486.875
I182017789;Larceny;08/03/2018 16:55;Part One;4.231.771.534;-7.109.823.049
I182017726;Medical Assistance;08/03/2018 13:04;Part Three;4.233.049.422;-7.104.342.091
I182017662;Police Service Incidents;08/03/2018 09:06;Part Three;4.238.111.601;-7.101.397.126
I182017588;Drug Violation;07/03/2018 19:54;Part Two;4.233.210.843;-7.107.014.395
I182017520;Fraud;07/02/2018 00:00;Part Two;4.229.581.546;-7.106.884.734
I182017447;Confidence Games;07/03/2018 09:52;Part Two;4.226.090.426;-7.111.456.834
I182017381;Larceny;06/03/2018 23:40;Part One;4.234.442.266;-7.109.833.083
I182017299;Medical Assistance;06/03/2018 18:06;Part Three;4.228.529.234;-7.109.121.672
I182017237;Larceny;06/03/2018 14:47;Part One;4.234.862.382;-7.108.277.637
I182017158;Motor Vehicle Accident Response;06/03/2018 10:25;Part Three;4.234.610.424;-7.114.626.953
I182017086;Robbery;05/03/2018 20:52;Part One;4.238.208.102;-7.102.170.103
I182017012;Larceny;03/03/2018 01:15;Part One;4.235.066.174;-7.106.602.232
I182016942;Harassment;05/03/2018 13:36;Part Two;4.228.716.674;-7.107.633.479
I182016872;Simple Assault;05/03/2018 09:34;Part Two;4.227.839.920;-7.106.636.305
I182016800;Missing Person Located;04/03/2018 22:00;Part Three;4.230.129.234;-7.107.806.980
I182016730;Other;02/03/2018 00:00;Part Three;4.231.043.400;-7.106.134.010
I182016663;Vandalism;04/03/2018 11:27;Part Two;4.227.430.113;-7.107.196.905
I182016598;Motor Vehicle Accident Response;04/03/2018 01:10;Part Three;4.231.586.862;-7.109.479.672
I182016528;Residential Burglary;03/03/2018 17:00;Part One;4.234.293.121;-7.107.135.137
I182016458;Violations;03/03/2018 13:10;Part Two;4.231.356.196;-7.110.521.532
I182016390;Towed;03/03/2018 06:45;Part Three;4.235.313.164;-7.114.517.339
I182016317;Other;02/03/2018 21:00;Part Three;4.231.006.809;-7.111.805.093
I182016247;Property Related Damage;02/03/2018 15:00;Part Three;4.235.261.332;-7.116.111.482
I182016172;Investigate Property;02/03/2018 11:34;Part Three;4.231.260.540;-7.107.624.159
I182016099;Missing Person Reported;02/03/2018 07:20;Part Three;4.227.986.526;-7.108.798.275
I182016026;Drug Violation;01/03/2018 20:32;Part Two;4.228.482.577;-7.109.137.369
I182015946;Medical Assistance;01/03/2018 15:05;Part Three;4.238.135.785;-7.103.768.163
I182015881;Police Service Incidents;01/03/2018 10:36;Part Three;4.233.189.752;-7.106.908.191
I182015809;Missing Person Reported;28/02/2018 22:30;Part Three;4.233.557.815;-7.103.867.318
I182015735;Other;28/02/2018 11:30;Part Three;4.233.771.395;-7.109.103.137
I182015666;Larceny;27/02/2018 18:57;Part One;4.235.456.417;-7.105.926.038
I182015597;Other;28/02/2018 10:43;Part Two;4.237.142.499;-7.103.971.329
I182015531;Verbal Disputes;28/02/2018 06:45;Part Three;4.234.889.022;-7.116.088.458
I182015457;Fraud;19/02/2018 00:00;Part Two;4.234.963.667;-7.110.435.826
I182015397;Towed;27/02/2018 17:11;Part Three;4.229.659.270;-7.107.332.173
I182015332;Medical Assistance;27/02/2018 12:56;Part Three;4.235.170.571;-7.111.989.956
I182015254;Towed;27/02/2018 08:08;Part Three;4.233.090.984;-7.105.286.826
I182015179;Investigate Person;26/02/2018 19:53;Part Three;4.233.739.824;-7.107.682.106
I182015115;Other;26/02/2018 16:34;Part Two;4.229.979.852;-7.107.859.915
I182015052;Other;26/02/2018 14:26;Part Two;4.230.752.440;-7.108.720.471
I182014976;Simple Assault;26/02/2018 11:25;Part Two;4.233.044.113;-7.108.373.481
I182014908;Motor Vehicle Accident Response;26/02/2018 04:30;Part Three;4.226.847.387;-7.110.315.789
I182014837;Medical Assistance;25/02/2018 18:50;Part Three;4.231.735.472;-7.106.582.970
I182014761;Vandalism;25/02/2018 11:33;Part Two;4.233.190.787;-7.104.412.969
I182014693;Larceny From Motor Vehicle;25/02/2018 02:09;Part One;4.233.091.640;-7.106.415.106
I182014627;Medical Assistance;24/02/2018 18:28;Part Three;4.237.749.855;-7.105.877.382
I182014550;Firearm Violations;24/02/2018 01:00;Part Two;4.229.686.992;-7.107.811.371
I182014485;Vandalism;20/02/2018 16:00;Part Two;4.234.349.682;-7.106.929.112
I182014412;Medical Assistance;23/02/2018 21:50;Part Three;4.233.311.189;-7.107.276.370
I182014341;Medical Assistance;23/02/2018 16:25;Part Three;4.231.532.445;-7.110.427.615
I182014286;Fraud;23/02/2018 14:20;Part Two;4.227.079.016;-7.108.965.581
I182014224;Investigate Person;23/02/2018 10:23;Part Three;4.235.875.858;-7.106.114.052
I182014151;Missing Person Located;22/02/2018 09:30;Part Three;4.224.577.750;-7.111.807.600
I182014081;Motor Vehicle Accident Response;22/02/2018 17:34;Part Three;4.236.183.857;-7.105.976.489
I182014022;Motor Vehicle Accident Response;22/02/2018 10:00;Part Three;4.236.958.091;-7.103.931.444
I182013955;Residential Burglary;21/02/2018 17:00;Part One;4.233.782.826;-7.102.999.021
I182013874;Larceny;21/02/2018 14:15;Part One;4.235.512.339;-7.106.087.980
I182013808;Vandalism;21/02/2018 18:01;Part Two;4.226.194.848;-7.110.971.613
I182013734;Investigate Property;21/02/2018 14:56;Part Three;4.235.154.653;-7.112.789.558
I182013665;Police Service Incidents;21/02/2018 10:26;Part Three;4.235.594.239;-7.106.258.333
I182013589;Drug Violation;21/02/2018 01:49;Part Two;4.231.171.168;-7.109.764.104
I182013525;Investigate Person;18/02/2018 18:00;Part Three;4.226.809.427;-7.109.909.970
I182013460;Motor Vehicle Accident Response;20/02/2018 16:31;Part Three;4.227.531.312;-7.111.587.798
I182013389;Simple Assault;20/02/2018 12:41;Part Two;4.230.238.881;-7.108.539.388
I182013310;Vandalism;20/02/2018 08:27;Part Two;4.233.346.645;-7.105.701.556
I182013243;Simple Assault;19/02/2018 20:13;Part Two;4.228.480.860;-7.105.352.062
I182013177;Investigate Person;17/02/2018 11:00;Part Three;4.235.995.206;-7.106.635.259
I182013110;Drug Violation;19/02/2018 12:03;Part Two;4.233.159.837;-7.105.159.631
I182013030;Verbal Disputes;18/02/2018 23:26;Part Three;4.229.042.450;-7.109.049.092
I182012954;Motor Vehicle Accident Response;18/02/2018 12:00;Part Three;4.227.531.312;-7.111.587.798
I182012893;Residential Burglary;17/02/2018 21:00;Part One;4.234.086.177;-7.116.020.154
I182012817;Larceny;17/02/2018 22:10;Part One;4.233.380.683;-7.110.377.843
I182012749;Property Lost;01/02/2018 00:00;Part Three;4.228.714.820;-7.106.493.039
I182012682;Larceny;16/02/2018 20:00;Part One;4.225.767.476;-7.112.367.146
I182012611;Aggravated Assault;17/02/2018 02:29;Part One;4.228.741.838;-7.106.190.780
I182012541;Verbal Disputes;16/02/2018 19:55;Part Three;4.228.023.006;-7.113.314.261
I182012471;Motor Vehicle Accident Response;16/02/2018 15:29;Part Three;4.236.122.324;-7.106.593.235
I182012403;Recovered Stolen Property;16/02/2018 11:57;Part Two;4.228.655.275;-7.107.936.441
I182012338;Missing Person Reported;13/02/2018 14:00;Part Three;4.233.374.643;-7.107.020.353
I182012269;Property Found;15/02/2018 19:31;Part Three;4.233.367.922;-7.109.187.755
I182012198;Verbal Disputes;15/02/2018 15:20;Part Three;4.226.893.891;-7.110.477.517
I182012125;Investigate Person;08/02/2018 12:30;Part Three;4.232.833.809;-7.109.222.618
I182012041;Other;15/02/2018 09:02;Part Two;4.232.082.017;-7.106.010.572
I182011967;Verbal Disputes;14/02/2018 21:07;Part Three;4.227.809.813;-7.107.421.895
I182011900;Investigate Property;14/02/2018 17:20;Part Three;4.236.643.546;-7.106.135.413
I182011838;Vandalism;14/02/2018 01:00;Part Two;4.232.221.645;-7.108.206.723
I182011774;Aggravated Assault;13/02/2018 07:54;Part One;4.228.575.222;-7.106.430.857
I182011716;Larceny;13/02/2018 22:00;Part One;4.230.254.239;-7.105.956.690
I182011646;Violations;13/02/2018 16:55;Part Two;4.228.503.920;-7.113.093.078
I182011567;Ballistics;13/02/2018 11:09;Part Two;4.230.512.773;-7.107.370.747
I182011494;Motor Vehicle Accident Response;13/02/2018 02:48;Part Three;4.233.834.866;-7.104.495.807
I182011423;Investigate Property;09/02/2018 19:37;Part Three;4.229.369.866;-7.106.183.757
I182011359;Larceny From Motor Vehicle;12/02/2018 14:16;Part One;4.232.046.979;-7.107.161.950
I182011285;Property Related Damage;11/02/2018 11:00;Part Three;4.228.252.782;-7.106.103.403
I182011230;Vandalism;12/02/2018 03:26;Part Two;4.231.832.089;-7.109.934.810
I182011156;Verbal Disputes;11/02/2018 17:41;Part Three;4.233.856.624;-7.108.074.420
I182011079;Property Found;11/02/2018 11:49;Part Three;4.236.183.857;-7.105.976.489
I182011014;Assembly or Gathering Violations;11/02/2018 01:12;Part Three;4.232.985.585;-7.109.797.236
I182010952;Larceny;10/02/2018 20:08;Part One;4.234.862.382;-7.108.277.637
I182010882;Drug Violation;10/02/2018 16:14;Part Two;4.231.684.532;-7.106.556.419
I182010809;Landlord/Tenant Disputes;10/02/2018 11:08;Part Three;4.235.182.446;-7.113.313.369
I182010734;Larceny;09/02/2018 22:48;Part One;4.233.178.750;-7.110.562.690
I182010664;Other;09/02/2018 17:11;Part Two;4.228.439.820;-7.106.468.373
I182010592;Confidence Games;09/02/2018 07:25;Part Two;4.230.334.343;-7.107.416.742
I182010531;Investigate Person;09/02/2018 09:19;Part Three;4.229.603.943;-7.107.717.023
I182010451;Other;08/02/2018 21:30;Part Two;4.234.186.765;-7.107.272.215
I182010383;Phone Call Complaints;08/02/2018 15:44;Part Two;4.236.428.664;-7.113.675.636
I182010314;Simple Assault;06/02/2018 12:00;Part Two;4.228.342.716;-7.112.422.635
I182010253;Medical Assistance;08/02/2018 09:35;Part Three;4.232.545.165;-7.108.677.983
I182010197;Simple Assault;06/02/2018 10:00;Part Two;4.232.199.862;-7.109.684.038
I182010128;Drug Violation;07/02/2018 18:10;Part Two;4.227.754.320;-7.107.795.019
I182010053;Simple Assault;07/02/2018 12:00;Part Two;4.236.708.890;-7.105.481.065
I182009984;Police Service Incidents;07/02/2018 08:54;Part Three;4.233.168.201;-7.106.798.742
I182009914;Drug Violation;06/02/2018 21:46;Part Two;4.233.367.922;-7.109.187.755
I182009837;Landlord/Tenant Disputes;06/02/2018 16:03;Part Three;4.232.311.753;-7.110.666.220
I182009761;Motor Vehicle Accident Response;06/02/2018 12:45;Part Three;4.228.534.744;-7.111.047.633
I182009699;Commercial Burglary;06/02/2018 09:50;Part One;4.235.207.238;-7.105.975.342
I182009628;Verbal Disputes;05/02/2018 21:15;Part Three;4.233.041.036;-7.111.148.382
I182009547;Medical Assistance;05/02/2018 13:47;Part Three;4.234.004.752;-7.115.544.872
I182009475;Warrant Arrests;05/02/2018 14:22;Part Three;4.236.183.857;-7.105.976.489
I182009403;Larceny From Motor Vehicle;05/02/2018 09:35;Part One;4.229.510.457;-7.105.333.627
I182009328;Vandalism;04/02/2018 22:40;Part Two;4.237.693.992;-7.105.524.264
I182009239;Towed;04/02/2018 13:58;Part Three;4.234.905.600;-7.115.049.850
I182009178;Simple Assault;04/02/2018 10:19;Part Two;4.229.040.923;-7.107.693.574
I182009098;Verbal Disputes;03/02/2018 23:42;Part Three;4.229.083.470;-7.106.288.798
I182009031;Vandalism;03/02/2018 13:00;Part Two;4.233.123.776;-7.109.140.736
I182008961;Larceny;01/02/2018 20:00;Part One;4.234.862.382;-7.108.277.637
I182008887;Violations;03/02/2018 02:53;Part Two;4.233.043.599;-7.107.400.123
I182008819;Verbal Disputes;02/02/2018 19:07;Part Three;4.230.845.311;-7.108.718.664
I182008743;Motor Vehicle Accident Response;02/02/2018 14:10;Part Three;4.235.176.179;-7.107.452.168
I182008669;Warrant Arrests;02/02/2018 02:30;Part Three;4.230.203.902;-7.106.009.072
I182008609;Drug Violation;02/02/2018 01:43;Part Two;4.229.352.763;-7.109.037.783
I182008544;Drug Violation;01/02/2018 20:30;Part Two;4.228.482.577;-7.109.137.369
I182008472;Motor Vehicle Accident Response;30/01/2018 19:00;Part Three;4.229.808.992;-7.107.178.667
I182008390;Prisoner Related Incidents;01/02/2018 09:40;Part Two;4.230.489.980;-7.107.992.223
I182008324;Verbal Disputes;31/01/2018 22:16;Part Three;4.229.910.777;-7.106.829.572
I182008251;Investigate Person;31/01/2018 16:15;Part Three;4.231.869.426;-7.111.116.591
I182008169;Verbal Disputes;31/01/2018 12:41;Part Three;4.233.562.126;-7.107.582.361
I182008102;Motor Vehicle Accident Response;31/01/2018 08:20;Part Three;4.226.864.230;-7.109.565.500
I182008026;Recovered Stolen Property;30/01/2018 19:46;Part Two;4.237.840.439;-7.105.683.240
I182007958;Investigate Property;30/01/2018 16:14;Part Three;4.236.643.546;-7.106.135.413
I182007889;Medical Assistance;30/01/2018 12:28;Part Three;4.238.069.279;-7.102.954.916
I182007824;Medical Assistance;30/01/2018 05:43;Part Three;4.233.648.288;-7.103.663.037
I182007754;Harbor Related Incidents;29/01/2018 20:43;Part Three;4.237.525.782;-7.102.466.343
I182007687;Investigate Property;29/01/2018 15:10;Part Three;4.228.419.598;-7.112.476.798
I182007620;Larceny From Motor Vehicle;27/01/2018 19:16;Part One;4.236.643.546;-7.106.135.413
I182007547;Larceny;29/01/2018 09:24;Part One;4.232.696.647;-7.106.198.607
I182007485;Larceny;28/01/2018 22:37;Part One;4.234.749.899;-7.107.925.506
I182007417;Larceny;28/01/2018 16:21;Part One;4.235.237.073;-7.107.227.173
I182007345;Auto Theft;28/01/2018 12:23;Part One;4.230.833.371;-7.107.599.128
I182007283;Motor Vehicle Accident Response;28/01/2018 06:32;Part Three;4.238.173.406;-7.102.264.185
I182007217;Restraining Order Violations;27/01/2018 20:55;Part Two;4.228.265.604;-7.107.374.541
I182007135;Verbal Disputes;27/01/2018 16:39;Part Three;4.229.574.022;-7.107.322.638
I182007067;Other;27/01/2018 10:08;Part Two;4.230.334.343;-7.107.416.742
I182007002;Missing Person Located;26/01/2018 07:30;Part Three;4.227.809.813;-7.107.421.895
I182006938;Auto Theft;26/01/2018 15:30;Part One;4.230.170.124;-7.105.300.561
I182006877;Drug Violation;26/01/2018 17:04;Part Two;4.229.990.887;-7.106.424.768
I182006808;Larceny From Motor Vehicle;25/01/2018 07:30;Part One;4.233.830.258;-7.110.235.253
I182006739;Confidence Games;12/01/2018 13:00;Part Two;4.228.164.146;-7.108.851.499
I182006670;Commercial Burglary;25/01/2018 19:10;Part One;4.225.446.645;-7.112.113.560
I182006598;Violations;25/01/2018 16:26;Part Two;4.232.521.580;-7.107.492.178
I182006526;Larceny;25/01/2018 11:44;Part One;4.233.210.843;-7.107.014.395
I182006454;Motor Vehicle Accident Response;25/01/2018 07:22;Part Three;4.233.565.673;-7.108.281.585
I182006382;Larceny;16/01/2018 16:00;Part One;4.235.393.998;-7.107.802.992
I182006317;Drug Violation;24/01/2018 15:57;Part Two;4.231.455.107;-7.109.381.343
I182006246;Larceny From Motor Vehicle;23/01/2018 19:00;Part One;4.234.830.017;-7.107.212.326
I182006170;Vandalism;23/01/2018 21:00;Part Two;4.231.474.400;-7.109.376.484
I182006097;Other;23/01/2018 18:23;Part Two;4.228.265.604;-7.107.374.541
I182006022;Motor Vehicle Accident Response;23/01/2018 16:19;Part Three;4.231.516.943;-7.109.785.028
I182005954;Fraud;18/01/2018 12:00;Part Two;4.238.069.279;-7.102.954.916
I182005888;Investigate Person;23/01/2018 06:23;Part Three;4.232.469.443;-7.110.087.902
I182005819;Police Service Incidents;22/01/2018 20:21;Part Three;4.228.482.577;-7.109.137.369
I182005747;Larceny;22/01/2018 15:44;Part One;4.228.323.156;-7.106.415.725
I182005677;Aggravated Assault;22/01/2018 11:19;Part One;4.229.733.660;-7.108.729.604
I182005612;Aggravated Assault;22/01/2018 06:25;Part One;4.234.997.256;-7.106.348.817
I182005538;Property Lost;21/01/2018 01:00;Part Three;4.234.489.594;-7.109.659.186
I182005475;Property Found;20/01/2018 22:00;Part Three;4.237.638.326;-7.103.124.103
I182005398;Motor Vehicle Accident Response;21/01/2018 01:59;Part Three;4.229.904.624;-7.107.982.522
I182005326;Larceny;20/01/2018 21:00;Part One;4.225.621.592;-7.112.401.947
I182005261;Missing Person Reported;20/01/2018 16:11;Part Three;4.233.241.896;-7.107.501.315
I182005187;Simple Assault;20/01/2018 10:50;Part Two;4.230.369.670;-7.107.104.897
I182005121;Fire Related Reports;20/01/2018 01:16;Part Three;4.224.866.287;-7.112.942.498
I182005044;Warrant Arrests;19/01/2018 17:49;Part Three;4.233.698.202;-7.108.458.699
I182004979;Other;19/01/2018 12:54;Part Two;4.226.255.067;-7.111.582.205
I182004904;Investigate Person;13/01/2018 07:51;Part Three;4.228.863.812;-7.106.631.579
I182004834;Simple Assault;18/01/2018 21:45;Part Two;4.235.170.571;-7.111.989.956
I182004759;Larceny From Motor Vehicle;18/01/2018 15:15;Part One;4.232.317.829;-7.110.590.931
I182004686;Police Service Incidents;18/01/2018 12:50;Part Three;4.228.757.318;-7.108.872.923
I182004610;Other;18/01/2018 04:30;Part Two;4.236.243.437;-7.106.391.810
I182004542;Fraud;17/01/2018 18:12;Part Two;4.235.238.871;-7.106.260.312
I182004471;Verbal Disputes;17/01/2018 13:46;Part Three;4.227.967.051;-7.108.887.826
I182004407;Aggravated Assault;17/01/2018 10:51;Part One;4.223.603.929;-7.112.718.154
I182004352;Property Lost;17/01/2018 06:14;Part Three;4.237.757.302;-7.102.985.538
I182004281;Medical Assistance;16/01/2018 20:13;Part Three;4.226.615.832;-7.112.944.160
I182004215;Investigate Person;16/01/2018 16:40;Part Three;4.227.823.789;-7.115.858.840
I182004143;Other;16/01/2018 10:00;Part Two;4.230.819.248;-7.107.538.579
I182004075;Larceny;16/01/2018 06:28;Part One;4.236.489.527;-7.106.050.249
I182004007;Warrant Arrests;15/01/2018 19:45;Part Three;4.231.538.436;-7.109.870.021
I182003933;Aggravated Assault;14/01/2018 02:30;Part One;4.235.066.174;-7.106.602.232
I182003872;Investigate Person;15/01/2018 11:30;Part Three;4.232.924.102;-7.105.518.887
I182003797;Disorderly Conduct;15/01/2018 00:10;Part Two;4.235.091.932;-7.105.854.263
I182003722;Fraud;14/01/2018 17:29;Part Two;4.236.434.304;-7.105.987.586
I182003580;Medical Assistance;13/01/2018 08:12;Part Three;4.236.183.857;-7.105.976.489
I182003509;Investigate Property;13/01/2018 21:07;Part Three;4.234.841.718;-7.106.240.393
I182003450;Medical Assistance;13/01/2018 15:55;Part Three;4.233.626.664;-7.114.950.271
I182003384;Other;10/01/2018 10:00;Part Two;4.238.630.971;-7.100.581.919
I182003319;Motor Vehicle Accident Response;13/01/2018 00:30;Part Three;4.228.848.287;-7.108.259.001
I182003254;Verbal Disputes;12/01/2018 23:01;Part Three;4.231.407.167;-7.108.010.711
I182003183;Other;12/01/2018 17:52;Part Two;4.230.131.086;-7.108.443.841
I182003112;Other;12/01/2018 12:25;Part Three;4.234.568.532;-7.107.628.990
I182003035;Towed;12/01/2018 09:00;Part Three;4.231.985.444;-7.107.972.518
I182002965;Motor Vehicle Accident Response;12/01/2018 05:21;Part Three;4.237.536.635;-7.103.135.264
I182002880;Larceny From Motor Vehicle;08/01/2018 08:00;Part One;4.234.573.301;-7.106.485.053
I182002815;Verbal Disputes;11/01/2018 16:08;Part Three;4.230.195.045;-7.107.798.088
I182002754;Property Lost;11/01/2018 11:40;Part Three;4.229.919.694;-7.106.046.974
I182002682;Property Found;11/01/2018 09:32;Part Three;4.233.367.922;-7.109.187.755
I182002627;Warrant Arrests;10/01/2018 22:21;Part Three;4.235.342.900;-7.113.678.200
I182002561;Investigate Person;10/01/2018 17:20;Part Three;4.226.994.732;-7.109.380.308
I182002476;Investigate Person;10/01/2018 14:50;Part Three;4.234.717.651;-7.109.433.704
I182002384;Vandalism;10/01/2018 10:23;Part Two;4.228.414.025;-7.109.305.138
I182002307;License Violation;10/01/2018 00:39;Part Three;4.234.783.501;-7.108.595.518
I182002237;Verbal Disputes;09/01/2018 18:14;Part Three;4.230.878.855;-7.109.055.618
I182002161;Verbal Disputes;09/01/2018 14:19;Part Three;4.230.344.073;-7.106.674.608
I182002092;Larceny;09/01/2018 12:00;Part One;4.235.512.339;-7.106.087.980
I182002028;Medical Assistance;08/01/2018 22:00;Part Three;4.234.347.698;-7.107.822.747
I182001962;Property Lost;05/01/2018 17:30;Part Three;4.231.929.343;-7.111.178.236
I182001901;Investigate Property;08/01/2018 17:33;Part Three;4.228.716.674;-7.107.633.479
I182001823;Motor Vehicle Accident Response;05/01/2018 12:00;Part Three;4.226.483.265;-7.115.567.877
I182001752;Simple Assault;08/01/2018 08:40;Part Two;4.233.235.400;-7.107.138.696
I182001671;Verbal Disputes;07/01/2018 18:41;Part Three;4.235.143.700;-7.116.866.810
I182001597;Larceny;07/01/2018 12:17;Part One;4.227.413.021;-7.111.674.617
I182001530;Simple Assault;07/01/2018 05:37;Part Two;4.230.938.437;-7.108.262.277
I182001463;Motor Vehicle Accident Response;06/01/2018 20:40;Part Three;4.229.181.580;-7.107.244.098
I182001399;Investigate Property;06/01/2018 16:19;Part Three;4.236.643.546;-7.106.135.413
I182001321;Other;06/01/2018 09:26;Part Two;4.232.407.281;-7.111.352.472
I182001251;Medical Assistance;06/01/2018 00:00;Part Three;4.236.271.299;-7.106.093.712
I182001177;Medical Assistance;05/01/2018 16:46;Part Three;4.228.912.716;-7.113.934.739
I182001090;Motor Vehicle Accident Response;05/01/2018 10:49;Part Three;4.236.033.524;-7.106.636.237
I182001020;Other;04/01/2018 14:51;Part Two;4.229.390.375;-7.111.949.639
I182000944;Other;04/01/2018 07:45;Part Two;4.236.183.857;-7.105.976.489
I182000860;Medical Assistance;04/01/2018 07:45;Part Three;4.225.489.152;-7.113.963.826
I182000796;Other;03/01/2018 15:00;Part Two;4.226.194.848;-7.110.971.613
I182000741;Warrant Arrests;03/01/2018 16:11;Part Three;4.235.404.844;-7.104.639.023
I182000625;Vandalism;01/01/2018 01:00;Part Two;4.234.944.475;-7.107.072.461
I182000535;Investigate Property;03/01/2018 02:51;Part Three;4.232.140.611;-7.109.596.829
I182000459;Investigate Person;02/01/2018 18:30;Part Three;4.237.704.396;-7.103.518.074
I182000368;Warrant Arrests;02/01/2018 13:02;Part Three;4.235.272.948;-7.106.256.291
I182000288;Larceny From Motor Vehicle;01/01/2018 23:00;Part One;4.228.790.635;-7.106.199.818
I182000214;Towed;01/01/2018 18:08;Part Three;4.228.414.025;-7.109.305.138
I182000132;Motor Vehicle Accident Response;01/01/2018 11:26;Part Three;4.233.814.528;-7.103.549.527
I182000041;Simple Assault;01/01/2018 01:55;Part Two;4.235.407.456;-7.105.533.533
I172083134;Recovered Stolen Property;27/04/2018 10:30;Part Two;4.234.160.357;-7.109.771.750
I172025052;Disorderly Conduct;27/04/2018 13:30;Part Two;4.233.511.904;-7.107.491.710
I162054268;Residential Burglary;27/07/2018 17:50;Part One;4.234.442.266;-7.109.833.083
