incident_number,offense_code_group,occurred_on_date,lat,long
I192009677,Auto Theft,25/11/2018 16:12,4.225.395.990,-7.111.962.283
I192006580,Larceny,29/11/2018 00:00,4.234.937.839,-7.113.249.037
I192003715,Residential Burglary,22/12/2018 15:30,4.235.540.113,-7.113.090.649
I192002932,Larceny,30/11/2018 08:00,4.235.706.678,-7.113.375.534
I192002141,Larceny,28/12/2018 00:00,4.232.525.553,-7.109.365.254
I192001070,Larceny,25/10/2018 16:10,4.235.942.556,-7.105.288.819
I192000608,Larceny,13/12/2018 19:00,4.234.813.158,-7.108.027.002
I192000261,Residential Burglary,26/12/2018 12:00,4.235.127.685,-7.113.587.892
I182105242,Larceny,20/12/2018 14:00,4.233.482.917,-7.104.705.015
I182105123,Larceny From Motor Vehicle,30/12/2018 20:30,4.234.280.177,-7.110.069.510
I182105052,Residential Burglary,31/12/2018 03:28,4.226.904.349,-7.116.631.361
I182104930,Larceny,28/12/2018 11:56,4.235.007.201,-7.113.202.926
I182104812,Larceny From Motor Vehicle,29/12/2018 23:48,4.236.067.984,-7.105.482.325
I182104711,Aggravated Assault,29/12/2018 18:50,4.229.549.223,-7.108.587.040
I182104593,Larceny,29/12/2018 08:14,4.230.018.979,-7.108.244.261
I182104494,Larceny,14/11/2018 00:00,4.235.360.676,-7.116.662.133
I182104435,Larceny,25/12/2018 07:29,4.234.373.406,-7.107.419.160
I182104350,Residential Burglary,28/12/2018 07:16,4.228.508.809,-7.108.789.462
I182104242,Larceny From Motor Vehicle,26/12/2018 19:00,4.234.725.924,-7.106.177.039
I182104119,Larceny,11/12/2018 00:00,4.229.202.056,-7.106.681.679
I182103978,Larceny,26/12/2018 16:25,4.235.942.556,-7.105.288.819
I182103906,Larceny,26/12/2018 10:23,4.234.615.178,-7.107.404.347
I182103840,Larceny From Motor Vehicle,25/12/2018 22:35,4.235.030.915,-7.107.988.963
I182103730,Residential Burglary,25/12/2018 08:06,4.234.337.030,-7.107.552.817
I182103605,Larceny,24/12/2018 14:45,4.236.165.196,-7.105.630.529
I182103540,Larceny,18/12/2018 00:00,4.231.915.678,-7.110.067.583
I182103424,Larceny,23/12/2018 16:00,4.229.850.850,-7.106.786.956
I182103324,Larceny From Motor Vehicle,22/12/2018 18:30,4.234.924.680,-7.108.956.259
I182103180,Larceny From Motor Vehicle,22/12/2018 13:00,4.233.719.922,-7.104.250.150
I182103120,Aggravated Assault,22/12/2018 13:52,4.233.210.843,-7.107.014.395
I182103046,Larceny,07/12/2018 10:00,4.234.617.617,-7.115.448.684
I182102957,Robbery,21/12/2018 23:38,4.237.764.002,-7.103.151.871
I182102838,Larceny,21/12/2018 16:59,4.235.512.339,-7.106.087.980
I182102769,Larceny,20/12/2018 18:28,4.234.348.845,-7.108.179.542
I182102621,Larceny,20/12/2018 09:30,4.230.356.539,-7.107.868.148
I182102497,Larceny,17/12/2018 17:17,4.235.997.967,-7.105.474.135
I182102401,Larceny,19/12/2018 14:21,4.233.553.188,-7.104.769.502
I182102274,Residential Burglary,19/12/2018 17:11,4.233.582.335,-7.104.722.460
I182102190,Residential Burglary,17/12/2018 03:40,4.231.162.834,-7.108.094.294
I182102108,Auto Theft,18/12/2018 11:00,4.237.338.649,-7.106.229.593
I182102019,Robbery,18/12/2018 20:30,4.228.405.588,-7.109.045.322
I182101913,Larceny,17/12/2018 23:00,4.235.785.938,-7.113.368.353
I182101846,Larceny,18/12/2018 12:21,4.224.288.459,-7.112.255.206
I182101792,Larceny From Motor Vehicle,18/12/2018 07:51,4.227.527.670,-7.109.554.245
I182101729,Larceny From Motor Vehicle,18/12/2018 07:53,4.232.821.952,-7.108.082.768
I182101663,Robbery,17/12/2018 20:51,4.235.927.699,-7.106.771.271
I182101565,Larceny From Motor Vehicle,16/12/2018 20:00,4.234.347.698,-7.107.822.747
I182101504,Auto Theft,12/11/2018 00:00,4.230.573.129,-7.105.755.949
I182101433,Larceny From Motor Vehicle,17/12/2018 08:20,4.231.681.029,-7.110.056.562
I182101287,Robbery,27/10/2018 15:30,4.233.731.980,-7.105.257.179
I182101196,Commercial Burglary,16/12/2018 11:20,4.235.602.373,-7.106.177.615
I182101117,Larceny From Motor Vehicle,15/12/2018 22:55,4.228.618.607,-7.113.876.712
I182101039,Larceny From Motor Vehicle,15/12/2018 14:00,4.228.059.505,-7.117.091.524
I182100992,Larceny,15/12/2018 12:46,4.227.357.721,-7.106.770.430
I182100838,Larceny,14/12/2018 15:56,4.228.526.024,-7.106.444.063
I182100785,Larceny,14/12/2018 18:46,4.234.840.576,-7.108.688.339
I182100659,Commercial Burglary,14/12/2018 09:24,4.234.241.899,-7.109.678.306
I182100553,Larceny,13/12/2018 18:43,4.233.598.510,-7.105.008.287
I182100456,Larceny,13/12/2018 13:25,4.234.797.240,-7.107.849.582
I182100348,Larceny,13/12/2018 07:57,4.232.696.647,-7.106.198.607
I182100256,Larceny,12/12/2018 19:35,4.237.901.498,-7.103.920.664
I182100165,Larceny,12/12/2018 14:10,4.235.648.631,-7.105.928.145
I182100100,Larceny,12/12/2018 11:51,4.228.716.674,-7.107.633.479
I182100047,Larceny,07/12/2018 08:00,4.227.908.752,-7.108.148.351
I182099963,Aggravated Assault,05/12/2018 15:10,4.234.588.967,-7.116.023.257
I182099845,Larceny,09/12/2018 19:45,4.234.797.240,-7.107.849.582
I182099711,Homicide,10/12/2018 21:58,4.227.373.936,-7.110.108.024
I182099604,Larceny,06/12/2018 17:00,4.232.856.401,-7.106.835.343
I182099527,Larceny,10/12/2018 13:04,4.234.227.908,-7.109.152.151
I182099407,Larceny From Motor Vehicle,10/12/2018 00:36,4.236.067.984,-7.105.482.325
I182099290,Larceny From Motor Vehicle,09/12/2018 17:16,4.230.202.760,-7.106.056.529
I182099237,Larceny,09/12/2018 13:01,4.236.439.256,-7.106.093.185
I182099115,Larceny,08/12/2018 20:01,4.227.179.929,-7.107.287.043
I182099042,Residential Burglary,07/12/2018 13:00,4.228.104.853,-7.107.206.440
I182098947,Larceny,16/11/2018 12:00,4.229.848.866,-7.106.313.294
I182098810,Larceny,07/12/2018 14:00,4.235.997.967,-7.105.474.135
I182098712,Larceny,07/12/2018 14:38,4.228.446.743,-7.111.183.089
I182098619,Larceny,05/12/2018 11:30,4.234.527.064,-7.115.298.859
I182098497,Larceny,06/12/2018 18:10,4.236.033.536,-7.107.081.975
I182098399,Aggravated Assault,06/12/2018 00:00,4.232.052.521,-7.107.610.051
I182098334,Commercial Burglary,06/12/2018 09:38,4.225.395.990,-7.111.962.283
I182098187,Larceny,05/12/2018 15:00,4.227.581.799,-7.113.991.259
I182098125,Larceny,29/11/2018 08:00,4.228.347.932,-7.113.549.328
I182097954,Auto Theft,04/12/2018 23:15,4.232.742.591,-7.107.702.562
I182097848,Larceny,04/12/2018 16:08,4.232.809.966,-7.106.321.676
I182097732,Larceny,08/11/2018 13:18,4.235.591.935,-7.106.000.539
I182097611,Robbery,03/12/2018 23:02,4.228.061.230,-7.108.350.146
I182097528,Larceny,03/12/2018 17:26,4.234.862.382,-7.108.277.637
I182097463,Larceny,03/12/2018 15:27,4.235.997.967,-7.105.474.135
I182097368,Residential Burglary,30/11/2018 22:30,4.236.535.919,-7.105.837.488
I182097240,Larceny,02/12/2018 20:22,4.225.843.097,-7.111.586.289
I182097155,Larceny,01/12/2018 19:57,4.234.901.954,-7.108.130.134
I182097079,Larceny,02/12/2018 03:58,4.233.731.438,-7.104.852.327
I182096977,Larceny,01/12/2018 18:00,4.228.512.354,-7.104.405.667
I182096893,Aggravated Assault,01/12/2018 13:26,4.229.521.820,-7.106.068.709
I182096826,Larceny,01/12/2018 09:45,4.234.877.575,-7.109.606.805
I182096722,Larceny,30/11/2018 20:26,4.236.517.244,-7.106.002.997
I182096653,Larceny,21/11/2018 12:23,4.234.507.147,-7.108.057.788
I182096582,Larceny,23/11/2018 00:00,4.229.430.844,-7.106.188.628
I182096487,Larceny From Motor Vehicle,29/11/2018 22:00,4.232.709.687,-7.105.253.559
I182096362,Robbery,29/11/2018 17:40,4.232.283.759,-7.110.096.723
I182096296,Larceny,12/11/2018 06:20,4.227.810.078,-7.117.867.378
I182096188,Aggravated Assault,29/11/2018 10:55,4.233.506.218,-7.109.316.781
I182096128,Larceny,09/11/2018 09:00,4.230.512.773,-7.107.370.747
I182096044,Larceny,28/11/2018 19:36,4.228.927.291,-7.106.622.608
I182095951,Robbery,26/11/2018 23:00,4.229.026.471,-7.106.599.003
I182095856,Larceny,27/11/2018 21:00,4.235.774.054,-7.105.956.789
I182095749,Larceny,27/11/2018 20:03,4.226.701.085,-7.112.096.171
I182095703,Robbery,27/11/2018 16:40,4.235.426.247,-7.105.883.334
I182095642,Larceny,27/11/2018 14:04,4.234.999.733,-7.108.103.440
I182095570,Larceny,27/11/2018 10:43,4.235.187.022,-7.112.127.436
I182095452,Larceny,26/11/2018 20:21,4.232.183.637,-7.105.928.338
I182095363,Auto Theft,14/11/2018 18:00,4.229.278.755,-7.106.177.616
I182095289,Aggravated Assault,21/11/2018 23:30,4.235.754.620,-7.105.881.953
I182095222,Larceny,21/11/2018 19:00,4.234.640.381,-7.107.551.289
I182095115,Larceny,25/11/2018 19:01,4.232.696.647,-7.106.198.607
I182095058,Larceny From Motor Vehicle,25/11/2018 14:14,4.228.332.004,-7.116.882.185
I182094985,Commercial Burglary,24/11/2018 06:40,4.232.552.765,-7.105.984.052
I182094866,Larceny,22/11/2018 12:00,4.231.727.185,-7.106.218.928
I182094804,Auto Theft,23/11/2018 19:15,4.233.400.900,-7.103.151.660
I182094721,Residential Burglary,24/11/2018 00:50,4.229.710.452,-7.108.807.731
I182094592,Larceny,23/11/2018 15:19,4.235.037.870,-7.107.626.098
I182094500,Larceny,20/11/2018 08:07,4.235.554.806,-7.106.073.140
I182094392,Larceny From Motor Vehicle,22/11/2018 08:51,4.227.256.988,-7.109.029.352
I182094276,Aggravated Assault,21/11/2018 17:57,4.233.503.481,-7.108.240.248
I182094198,Residential Burglary,17/11/2018 23:00,4.233.965.959,-7.106.700.618
I182094063,Residential Burglary,20/11/2018 08:15,4.230.397.603,-7.110.476.982
I182093960,Larceny,20/11/2018 15:30,4.235.648.631,-7.105.928.145
I182093871,Auto Theft,20/11/2018 12:30,4.235.631.391,-7.105.778.101
I182093798,Larceny,16/11/2018 07:00,4.233.337.699,-7.108.176.590
I182093690,Larceny From Motor Vehicle,19/11/2018 18:31,4.234.935.318,-7.108.423.015
I182093609,Larceny From Motor Vehicle,19/11/2018 13:28,4.230.229.282,-7.107.511.457
I182093476,Residential Burglary,18/11/2018 22:53,4.231.975.730,-7.105.428.941
I182093390,Aggravated Assault,18/11/2018 16:49,4.232.855.807,-7.107.927.600
I182093291,Larceny From Motor Vehicle,17/11/2018 08:45,4.231.252.546,-7.107.389.321
I182093206,Residential Burglary,17/11/2018 22:32,4.229.691.612,-7.108.363.894
I182093115,Larceny,17/11/2018 14:00,4.235.294.720,-7.113.115.032
I182093004,Larceny,17/11/2018 10:34,4.234.862.382,-7.108.277.637
I182092908,Auto Theft,16/11/2018 07:00,4.228.741.838,-7.106.190.780
I182092770,Larceny,16/11/2018 14:54,4.233.755.715,-7.107.836.018
I182092645,Aggravated Assault,15/11/2018 12:40,4.233.123.776,-7.109.140.736
I182092535,Larceny From Motor Vehicle,15/11/2018 16:20,4.230.095.488,-7.106.537.601
I182092440,Aggravated Assault,15/11/2018 06:55,4.228.536.992,-7.117.244.016
I182092350,Robbery,15/11/2018 03:29,4.231.667.114,-7.109.743.705
I182092230,Larceny,14/11/2018 13:30,4.233.190.787,-7.104.412.969
I182092123,Larceny From Motor Vehicle,13/11/2018 20:00,4.231.845.834,-7.108.032.338
I182092034,Aggravated Assault,14/11/2018 05:34,4.233.536.755,-7.105.081.638
I182091940,Larceny,13/11/2018 18:20,4.236.497.550,-7.106.204.400
I182091810,Commercial Burglary,09/11/2018 01:00,4.236.742.934,-7.105.317.428
I182091741,Larceny From Motor Vehicle,13/11/2018 06:50,4.228.665.378,-7.112.665.398
I182091650,Residential Burglary,12/11/2018 18:09,4.229.881.968,-7.106.570.084
I182091580,Larceny From Motor Vehicle,12/11/2018 13:19,4.228.824.209,-7.107.546.090
I182091485,Larceny,11/11/2018 21:30,4.229.013.554,-7.104.065.574
I182091394,Larceny From Motor Vehicle,11/11/2018 11:23,4.232.332.676,-7.110.525.868
I182091228,Robbery,10/11/2018 21:45,4.230.094.500,-7.110.606.700
I182091133,Larceny,10/11/2018 14:59,4.235.942.556,-7.105.288.819
I182091038,Larceny From Motor Vehicle,10/11/2018 08:53,4.229.458.695,-7.105.396.723
I182090924,Larceny,09/11/2018 19:29,4.234.862.382,-7.108.277.637
I182090857,Larceny From Motor Vehicle,09/11/2018 12:00,4.230.175.853,-7.107.462.980
I182090743,Larceny,09/11/2018 04:15,4.233.671.130,-7.107.102.057
I182090641,Auto Theft,06/11/2018 22:00,4.232.859.767,-7.105.363.334
I182090581,Larceny,05/11/2018 18:18,4.234.980.175,-7.107.840.978
I182090479,Larceny From Motor Vehicle,08/11/2018 10:14,4.233.488.926,-7.102.817.379
I182090401,Larceny,04/11/2018 16:00,4.229.631.481,-7.107.839.029
I182090329,Larceny,07/11/2018 09:40,4.235.459.106,-7.106.219.010
I182090269,Larceny,11/06/2018 02:00,4.235.325.379,-7.104.872.410
I182089900,Larceny From Motor Vehicle,06/11/2018 20:30,4.223.265.556,-7.113.069.992
I182089724,Larceny,06/11/2018 13:35,4.233.561.661,-7.103.641.895
I182089597,Larceny,05/11/2018 21:52,4.236.064.470,-7.107.086.192
I182089512,Larceny From Motor Vehicle,05/11/2018 17:35,4.231.743.922,-7.107.547.845
I182089442,Residential Burglary,04/11/2018 00:00,4.224.835.129,-7.111.254.914
I182089300,Residential Burglary,06/09/2018 11:00,4.229.706.179,-7.105.528.404
I182089214,Larceny,04/11/2018 12:30,4.234.640.381,-7.107.551.289
I182089131,Larceny,04/11/2018 01:00,4.234.862.382,-7.108.277.637
I182089052,Larceny,03/11/2018 17:00,4.225.690.712,-7.115.606.182
I182088965,Larceny,03/11/2018 16:24,4.234.241.506,-7.109.521.114
I182088871,Residential Burglary,03/11/2018 11:37,4.232.200.015,-7.108.059.527
I182088787,Aggravated Assault,03/11/2018 02:23,4.228.635.986,-7.109.088.284
I182088665,Larceny,02/11/2018 17:54,4.228.702.169,-7.108.754.609
I182088545,Larceny,01/11/2018 17:00,4.232.945.117,-7.105.665.934
I182088478,Larceny,02/11/2018 08:46,4.233.044.113,-7.108.373.481
I182088337,Residential Burglary,01/11/2018 16:50,4.237.878.502,-7.103.771.768
I182088229,Residential Burglary,31/10/2018 17:00,4.231.736.234,-7.107.724.596
I182088092,Aggravated Assault,31/10/2018 22:15,4.229.321.805,-7.107.886.455
I182087999,Aggravated Assault,31/10/2018 16:35,4.231.485.546,-7.109.922.410
I182087845,Commercial Burglary,29/10/2018 19:00,4.232.955.246,-7.111.112.429
I182087791,Auto Theft,27/10/2018 10:10,4.228.664.294,-7.108.202.510
I182087695,Larceny,29/10/2018 08:30,4.235.540.738,-7.106.312.433
I182087620,Aggravated Assault,30/10/2018 13:21,4.233.285.027,-7.104.417.249
I182087539,Larceny From Motor Vehicle,29/10/2018 16:00,4.231.768.237,-7.107.027.631
I182087454,Larceny From Motor Vehicle,26/10/2018 18:00,4.236.067.984,-7.105.482.325
I182087375,Larceny,29/10/2018 16:03,4.229.240.858,-7.106.436.304
I182087300,Larceny From Motor Vehicle,29/10/2018 12:36,4.229.541.380,-7.106.781.342
I182087160,Larceny,28/10/2018 18:39,4.232.642.853,-7.108.628.759
I182087078,Auto Theft,26/10/2018 16:30,4.227.758.926,-7.111.755.202
I182087004,Commercial Burglary,28/10/2018 07:33,4.228.640.624,-7.104.398.688
I182086899,Larceny,25/10/2018 22:46,4.235.486.542,-7.113.259.322
I182086791,Residential Burglary,27/10/2018 12:30,4.234.412.614,-7.106.980.220
I182086682,Robbery,27/10/2018 02:15,4.235.315.862,-7.113.289.373
I182086539,Larceny,26/10/2018 11:30,4.236.156.104,-7.105.758.234
I182086453,Larceny,26/10/2018 10:49,4.232.696.647,-7.106.198.607
I182086335,Other Burglary,25/10/2018 16:00,4.230.423.559,-7.111.373.036
I182086234,Larceny,25/10/2018 15:16,4.235.177.328,-7.104.704.097
I182086147,Residential Burglary,25/10/2018 10:06,4.232.058.499,-7.111.670.115
I182086057,Larceny,22/10/2018 10:30,4.235.925.113,-7.105.415.945
I182086003,Residential Burglary,24/10/2018 13:00,4.233.025.300,-7.105.559.939
I182085925,Larceny,20/10/2018 23:30,4.234.563.477,-7.107.555.367
I182085827,Auto Theft,24/10/2018 06:15,4.233.048.169,-7.108.166.730
I182085694,Aggravated Assault,23/10/2018 17:16,4.229.855.898,-7.107.307.742
I182085589,Larceny,23/10/2018 11:23,4.227.531.312,-7.111.587.798
I182085521,Larceny,18/10/2018 11:00,4.238.093.345,-7.104.023.929
I182085404,Larceny From Motor Vehicle,17/10/2018 15:00,4.232.898.932,-7.105.630.174
I182085338,Larceny,22/10/2018 16:51,4.237.620.267,-7.103.979.926
I182085250,Aggravated Assault,22/10/2018 12:11,4.228.927.826,-7.107.581.493
I182085169,Larceny,22/10/2018 02:47,4.232.195.809,-7.108.351.213
I182085049,Larceny,14/10/2018 12:00,4.237.515.302,-7.105.841.364
I182084967,Auto Theft,21/10/2018 03:30,4.235.555.882,-7.105.849.336
I182084852,Larceny,20/10/2018 16:55,4.235.095.909,-7.107.412.780
I182084794,Larceny,20/10/2018 10:15,4.236.309.564,-7.105.815.372
I182084681,Larceny,20/10/2018 01:17,4.228.544.298,-7.113.676.974
I182084562,Larceny,11/10/2018 16:15,4.236.165.196,-7.105.630.529
I182084412,Larceny From Motor Vehicle,19/10/2018 01:08,4.228.367.511,-7.105.267.191
I182084325,Aggravated Assault,18/10/2018 18:45,4.233.555.954,-7.107.436.364
I182084236,Auto Theft,05/10/2018 01:00,4.229.534.580,-7.108.790.188
I182084167,Larceny,18/10/2018 09:48,4.228.788.933,-7.112.658.585
I182084050,Larceny,17/10/2018 18:45,4.235.095.909,-7.107.412.780
I182083945,Larceny,17/10/2018 12:50,4.233.523.404,-7.107.670.603
I182083863,Larceny From Motor Vehicle,16/10/2018 17:00,4.228.456.125,-7.106.068.770
I182083765,Larceny,16/10/2018 18:32,4.226.635.864,-7.109.549.272
I182083672,Residential Burglary,16/10/2018 11:17,4.234.569.100,-7.106.336.500
I182083549,Residential Burglary,16/10/2018 08:43,4.232.898.932,-7.105.630.174
I182083443,Larceny,15/10/2018 18:56,4.234.932.471,-7.108.014.801
I182083387,Larceny,14/10/2018 16:00,4.227.531.312,-7.111.587.798
I182083319,Commercial Burglary,15/10/2018 11:11,4.235.059.717,-7.107.881.031
I182083243,Larceny,14/10/2018 20:40,4.234.653.820,-7.109.880.598
I182083135,Robbery,14/10/2018 17:28,4.234.942.050,-7.108.315.800
I182083033,Larceny From Motor Vehicle,13/10/2018 23:30,4.231.397.418,-7.109.858.375
I182082913,Larceny,13/10/2018 16:42,4.235.053.569,-7.106.119.400
I182082824,Larceny From Motor Vehicle,10/10/2018 19:00,4.235.452.997,-7.115.531.180
I182082677,Homicide,12/10/2018 21:31,4.230.510.150,-7.108.083.089
I182082578,Larceny,10/10/2018 15:49,4.232.153.248,-7.107.738.533
I182082479,Larceny From Motor Vehicle,10/10/2018 14:30,4.228.636.893,-7.113.005.503
I182082387,Larceny,11/10/2018 17:00,4.238.117.064,-7.107.213.904
I182082299,Larceny,11/10/2018 06:00,4.233.033.485,-7.110.749.865
I182082220,Larceny,11/10/2018 12:46,4.225.189.440,-7.112.535.310
I182082132,Larceny,11/10/2018 04:55,4.234.749.899,-7.107.925.506
I182082041,Larceny,10/10/2018 08:30,4.236.600.842,-7.106.403.504
I182081935,Larceny From Motor Vehicle,09/10/2018 08:00,4.228.058.479,-7.111.451.352
I182081829,Commercial Burglary,09/10/2018 17:00,4.231.451.479,-7.109.470.820
I182081726,Larceny,09/10/2018 16:30,4.233.395.125,-7.107.538.939
I182081652,Robbery,09/10/2018 15:50,4.230.584.423,-7.106.261.555
I182081539,Auto Theft,08/10/2018 18:00,4.229.697.913,-7.111.561.599
I182081479,Larceny,10/09/2018 06:26,4.233.675.016,-7.107.662.788
I182081406,Larceny From Motor Vehicle,07/10/2018 09:20,4.230.554.440,-7.107.176.554
I182081346,Larceny,08/10/2018 15:12,4.233.192.532,-7.108.411.222
I182081264,Larceny From Motor Vehicle,05/10/2018 00:00,4.232.118.290,-7.110.682.780
I182081192,Aggravated Assault,07/10/2018 21:27,4.230.247.823,-7.106.987.297
I182081103,Larceny,06/10/2018 00:00,4.235.120.708,-7.105.987.799
I182081042,Larceny,07/10/2018 10:04,4.234.353.469,-7.109.980.109
I182080967,Homicide,06/10/2018 23:35,4.229.307.537,-7.107.183.785
I182080825,Larceny,06/10/2018 12:34,4.234.797.240,-7.107.849.582
I182080736,Aggravated Assault,06/10/2018 01:58,4.235.421.065,-7.113.239.445
I182080645,Larceny,04/10/2018 17:00,4.226.846.689,-7.112.869.578
I182080591,Larceny,05/10/2018 15:57,4.235.095.909,-7.107.412.780
I182080501,Larceny,05/10/2018 11:30,4.235.997.967,-7.105.474.135
I182080385,Larceny,04/10/2018 22:30,4.235.300.740,-7.105.289.344
I182080299,Aggravated Assault,04/10/2018 18:00,4.230.655.082,-7.110.657.722
I182080184,Larceny,04/10/2018 11:10,4.235.176.179,-7.107.452.168
I182080057,Larceny,03/10/2018 20:48,4.235.997.967,-7.105.474.135
I182079980,Larceny,02/10/2018 15:00,4.233.076.942,-7.107.766.482
I182079899,Larceny,03/10/2018 13:38,4.230.938.437,-7.108.262.277
I182079801,Larceny From Motor Vehicle,03/10/2018 07:53,4.226.681.254,-7.109.566.961
I182079711,Aggravated Assault,02/10/2018 19:25,4.233.222.689,-7.105.199.201
I182079617,Larceny,02/10/2018 14:10,4.235.521.625,-7.106.012.863
I182079564,Larceny,02/10/2018 08:00,4.235.832.490,-7.105.784.884
I182079483,Larceny,02/10/2018 00:09,4.236.497.550,-7.106.204.400
I182079410,Larceny,01/10/2018 17:46,4.235.103.105,-7.106.373.331
I182079333,Residential Burglary,01/10/2018 00:00,4.234.280.177,-7.110.069.510
I182079270,Larceny,01/10/2018 10:09,4.234.442.266,-7.109.833.083
I182079159,Larceny From Motor Vehicle,30/09/2018 16:00,4.233.631.343,-7.106.954.420
I182079046,Robbery,29/09/2018 18:00,4.228.154.388,-7.107.350.542
I182078959,Larceny,30/09/2018 04:48,4.235.037.870,-7.107.626.098
I182078840,Auto Theft,28/09/2018 17:53,4.234.493.428,-7.106.366.374
I182078731,Larceny From Motor Vehicle,28/09/2018 18:30,4.233.175.215,-7.110.046.906
I182078602,Aggravated Assault,28/09/2018 17:36,4.228.135.221,-7.108.649.091
I182078501,Larceny From Motor Vehicle,14/09/2018 20:00,4.231.048.767,-7.106.251.890
I182078429,Aggravated Assault,28/09/2018 08:35,4.231.779.354,-7.104.210.959
I182078334,Larceny From Motor Vehicle,27/09/2018 23:00,4.235.743.519,-7.105.268.932
I182078226,Larceny,26/09/2018 19:57,4.233.094.752,-7.108.285.104
I182078123,Auto Theft,27/09/2018 12:20,4.228.994.346,-7.106.313.390
I182078010,Robbery,27/09/2018 01:08,4.237.172.266,-7.103.665.549
I182077908,Larceny,26/09/2018 17:35,4.235.997.967,-7.105.474.135
I182077787,Larceny,25/09/2018 14:00,4.235.124.218,-7.112.616.899
I182077724,Residential Burglary,25/09/2018 18:00,4.233.004.188,-7.105.459.688
I182077580,Larceny,25/09/2018 15:19,4.234.143.223,-7.106.495.494
I182077476,Larceny,24/09/2018 14:00,4.234.274.131,-7.105.735.681
I182077397,Residential Burglary,24/09/2018 21:43,4.237.575.891,-7.103.536.688
I182077301,Larceny,22/09/2018 17:00,4.233.793.685,-7.105.049.793
I182077227,Larceny,21/09/2018 16:30,4.236.341.698,-7.105.442.364
I182077107,Larceny,24/09/2018 03:07,4.234.877.575,-7.109.606.805
I182077010,Auto Theft,22/09/2018 23:45,4.226.871.441,-7.109.221.139
I182076924,Larceny From Motor Vehicle,22/09/2018 20:50,4.230.892.227,-7.109.986.991
I182076830,Larceny,22/09/2018 23:42,4.235.287.295,-7.107.118.968
I182076748,Robbery,22/09/2018 19:21,4.234.932.471,-7.108.014.801
I182076647,Larceny,16/09/2018 11:39,4.230.469.190,-7.111.040.643
I182076572,Commercial Burglary,22/09/2018 03:02,4.229.158.018,-7.104.009.369
I182076451,Commercial Burglary,21/09/2018 01:40,4.236.039.960,-7.105.482.846
I182076401,Auto Theft,21/09/2018 17:04,4.234.906.578,-7.113.414.695
I182076318,Residential Burglary,21/09/2018 11:36,4.224.337.799,-7.113.306.179
I182076211,Larceny,21/09/2018 02:36,4.232.367.935,-7.106.785.645
I182076112,Larceny From Motor Vehicle,20/09/2018 07:30,4.234.797.240,-7.107.849.582
I182076026,Commercial Burglary,17/09/2018 01:54,4.234.518.280,-7.110.066.932
I182075955,Larceny,20/09/2018 10:53,4.234.937.839,-7.113.249.037
I182075865,Robbery,20/09/2018 00:12,4.228.657.334,-7.106.408.374
I182075781,Aggravated Assault,19/09/2018 18:23,4.235.602.373,-7.106.177.615
I182075687,Larceny,16/09/2018 12:25,4.234.835.708,-7.113.645.291
I182075563,Residential Burglary,19/09/2018 08:10,4.234.598.862,-7.110.477.650
I182075477,Larceny,18/09/2018 19:15,4.236.303.798,-7.105.524.751
I182075404,Larceny,18/09/2018 09:00,4.232.696.647,-7.106.198.607
I182075337,Larceny,17/09/2018 22:00,4.228.347.978,-7.107.645.408
I182075255,Aggravated Assault,18/09/2018 02:38,4.239.193.303,-7.099.536.185
I182075153,Larceny,10/09/2018 16:20,4.231.961.380,-7.104.158.781
I182075088,Auto Theft,17/09/2018 09:30,4.230.376.104,-7.107.516.020
I182074931,Robbery,15/09/2018 02:00,4.226.802.400,-7.109.301.057
I182074869,Aggravated Assault,16/09/2018 22:01,4.233.152.148,-7.107.085.307
I182074778,Larceny,16/09/2018 16:12,4.234.442.266,-7.109.833.083
I182074717,Auto Theft,16/09/2018 00:30,4.237.685.200,-7.106.887.255
I182074643,Residential Burglary,16/09/2018 05:01,4.227.348.212,-7.113.779.498
I182074541,Aggravated Assault,15/09/2018 19:31,4.233.152.148,-7.107.085.307
I182074469,Larceny,15/09/2018 08:10,4.234.999.733,-7.108.103.440
I182074259,Larceny,14/09/2018 17:49,4.234.133.200,-7.108.074.350
I182074176,Residential Burglary,14/09/2018 05:30,4.228.944.478,-7.106.559.395
I182074058,Robbery,14/09/2018 01:36,4.232.026.821,-7.108.150.494
I182073943,Larceny,12/09/2018 18:00,4.233.972.732,-7.110.868.260
I182073891,Larceny,12/09/2018 18:00,4.233.790.301,-7.107.145.236
I182073787,Aggravated Assault,13/09/2018 09:26,4.228.342.716,-7.112.422.635
I182073675,Aggravated Assault,12/09/2018 19:47,4.232.872.589,-7.108.382.217
I182073591,Larceny,08/09/2018 17:30,4.234.797.240,-7.107.849.582
I182073527,Larceny,12/09/2018 06:00,4.235.997.967,-7.105.474.135
I182073427,Larceny,11/09/2018 23:48,4.234.877.575,-7.109.606.805
I182073323,Larceny From Motor Vehicle,11/09/2018 17:30,4.224.647.351,-7.112.098.498
I182073228,Larceny,11/09/2018 12:26,4.230.021.684,-7.108.097.940
I182073131,Larceny From Motor Vehicle,11/09/2018 07:46,4.229.105.647,-7.108.933.752
I182073042,Larceny,02/09/2018 12:00,4.231.111.005,-7.105.388.269
I182072987,Larceny,10/09/2018 16:45,4.235.540.738,-7.106.312.433
I182072890,Larceny,08/09/2018 15:30,4.235.997.967,-7.105.474.135
I182072807,Auto Theft,10/09/2018 07:41,4.228.161.533,-7.108.086.179
I182072724,Larceny,09/09/2018 17:59,4.231.578.000,-7.106.639.900
I182072653,Larceny From Motor Vehicle,09/09/2018 13:56,4.233.285.027,-7.104.417.249
I182072561,Larceny,09/09/2018 03:00,4.235.398.560,-7.113.291.937
I182072430,Larceny,08/09/2018 13:00,4.234.709.349,-7.108.764.568
I182072344,Auto Theft,08/09/2018 11:57,4.233.132.994,-7.105.293.837
I182072229,Larceny,08/09/2018 00:24,4.236.643.546,-7.106.135.413
I182072133,Larceny,07/09/2018 16:10,4.237.620.267,-7.103.979.926
I182072048,Larceny,05/09/2018 10:00,4.234.827.698,-7.107.038.932
I182071951,Larceny From Motor Vehicle,07/09/2018 02:20,4.226.643.568,-7.115.155.416
I182071862,Residential Burglary,06/09/2018 18:04,4.229.104.501,-7.107.694.410
I182071765,Aggravated Assault,06/09/2018 12:26,4.228.792.347,-7.108.815.774
I182071662,Homicide,06/09/2018 03:41,4.238.605.936,-7.107.251.642
I182071555,Auto Theft,05/09/2018 17:40,4.231.190.475,-7.105.910.531
I182071454,Larceny,05/09/2018 02:00,4.233.564.208,-7.104.913.565
I182071344,Larceny,05/09/2018 00:00,4.235.969.525,-7.105.401.301
I182071260,Auto Theft,03/09/2018 00:00,4.234.943.694,-7.106.650.735
I182071154,Larceny,04/09/2018 14:35,4.228.187.061,-7.108.751.152
I182071094,Aggravated Assault,04/09/2018 12:58,4.228.079.658,-7.109.039.724
I182071023,Aggravated Assault,04/09/2018 08:07,4.227.380.942,-7.111.996.035
I182070948,Larceny,03/09/2018 20:30,4.236.643.546,-7.106.135.413
I182070838,Larceny,03/09/2018 14:00,4.234.797.240,-7.107.849.582
I182070759,Larceny From Motor Vehicle,02/09/2018 16:45,4.228.788.933,-7.112.658.585
I182070626,Larceny From Motor Vehicle,01/09/2018 16:00,4.235.025.370,-7.113.336.819
I182070553,Larceny,02/09/2018 13:20,4.235.554.806,-7.106.073.140
I182070438,Aggravated Assault,02/09/2018 00:32,4.235.832.299,-7.106.278.436
I182070346,Larceny,31/08/2018 19:00,4.233.188.687,-7.109.954.390
I182070243,Auto Theft,01/09/2018 10:35,4.233.235.328,-7.103.222.702
I182070168,Robbery,01/09/2018 01:16,4.235.650.174,-7.106.199.960
I182070051,Aggravated Assault,31/08/2018 18:55,4.225.716.913,-7.112.530.617
I182069969,Larceny From Motor Vehicle,29/08/2018 20:00,4.238.233.296,-7.107.923.596
I182069888,Auto Theft,30/08/2018 17:30,4.227.673.598,-7.106.683.537
I182069815,Residential Burglary,30/08/2018 21:56,4.230.146.198,-7.106.895.960
I182069741,Larceny From Motor Vehicle,30/08/2018 18:55,4.235.237.073,-7.107.227.173
I182069682,Larceny,30/08/2018 12:56,4.234.942.050,-7.108.315.800
I182069560,Aggravated Assault,30/08/2018 08:19,4.233.146.325,-7.105.012.560
I182069462,Larceny,29/08/2018 18:30,4.235.272.948,-7.106.256.291
I182069342,Aggravated Assault,29/08/2018 13:50,4.230.664.081,-7.108.584.976
I182069253,Larceny,28/08/2018 08:00,4.235.439.243,-7.115.736.384
I182069180,Aggravated Assault,28/08/2018 22:42,4.228.965.805,-7.108.634.397
I182069074,Larceny,28/08/2018 16:22,4.233.380.683,-7.110.377.843
I182068981,Larceny From Motor Vehicle,28/08/2018 12:19,4.232.562.939,-7.107.976.270
I182068876,Aggravated Assault,27/08/2018 22:56,4.232.104.169,-7.107.215.291
I182068813,Larceny,22/08/2018 11:30,4.231.150.724,-7.107.466.948
I182068724,Larceny,26/08/2018 09:30,4.228.728.494,-7.115.306.857
I182068614,Larceny,27/08/2018 08:20,4.229.848.675,-7.105.725.612
I182068493,Robbery,25/08/2018 22:44,4.234.958.657,-7.105.735.762
I182068422,Auto Theft,26/08/2018 13:45,4.231.709.355,-7.107.802.977
I182068312,Aggravated Assault,25/08/2018 20:30,4.230.294.389,-7.107.822.480
I182068221,Aggravated Assault,25/08/2018 18:36,4.231.933.514,-7.108.796.987
I182068160,Larceny From Motor Vehicle,25/08/2018 04:40,4.230.134.157,-7.105.661.381
I182068071,Aggravated Assault,25/08/2018 06:56,4.228.479.807,-7.108.685.632
I182067963,Residential Burglary,01/08/2018 10:00,4.234.598.862,-7.110.477.650
I182067879,Larceny,24/08/2018 14:54,4.233.561.661,-7.103.641.895
I182067769,Larceny,23/08/2018 09:44,4.234.518.280,-7.110.066.932
I182067709,Larceny,23/08/2018 23:52,4.234.877.575,-7.109.606.805
I182067614,Larceny,23/08/2018 17:22,4.230.888.817,-7.111.553.037
I182067557,Larceny,21/07/2018 06:50,4.233.825.190,-7.110.613.840
I182067483,Robbery,23/08/2018 11:37,4.233.235.400,-7.107.138.696
I182067335,Larceny From Motor Vehicle,22/08/2018 20:59,4.231.534.411,-7.109.584.709
I182067268,Larceny,17/08/2018 18:00,4.233.500.229,-7.110.169.760
I182067157,Commercial Burglary,21/08/2018 16:00,4.233.648.288,-7.103.663.037
I182067020,Larceny From Motor Vehicle,19/08/2018 18:00,4.234.460.885,-7.108.973.287
I182066920,Aggravated Assault,21/08/2018 13:11,4.238.093.345,-7.104.023.929
I182066847,Larceny,21/08/2018 10:55,4.234.410.718,-7.110.180.260
I182066736,Residential Burglary,20/08/2018 21:07,4.230.080.999,-7.106.705.066
I182066682,Auto Theft,19/08/2018 23:00,4.234.535.675,-7.108.909.650
I182066606,Residential Burglary,19/08/2018 13:00,4.229.168.072,-7.105.847.274
I182066529,Larceny From Motor Vehicle,20/08/2018 11:30,4.232.952.036,-7.108.530.641
I182066473,Larceny,19/08/2018 20:00,4.233.695.500,-7.107.747.000
I182066372,Larceny From Motor Vehicle,19/08/2018 12:00,4.232.347.517,-7.108.750.190
I182066300,Auto Theft,19/08/2018 15:06,4.232.324.394,-7.107.642.483
I182066223,Larceny From Motor Vehicle,18/08/2018 16:00,4.229.807.739,-7.105.695.195
I182066118,Larceny,18/08/2018 18:21,4.231.928.523,-7.105.027.167
I182066028,Auto Theft,17/08/2018 20:00,4.227.348.212,-7.113.779.498
I182065916,Commercial Burglary,18/08/2018 03:40,4.233.318.923,-7.103.155.905
I182065792,Larceny,17/08/2018 17:37,4.233.401.829,-7.107.638.124
I182065707,Larceny,17/08/2018 08:23,4.235.081.057,-7.105.809.136
I182065626,Larceny,16/08/2018 16:45,4.236.124.327,-7.106.497.327
I182065510,Larceny,16/08/2018 00:00,4.235.202.275,-7.105.932.000
I182065428,Larceny From Motor Vehicle,16/08/2018 15:11,4.230.385.443,-7.106.087.585
I182065355,Larceny,16/08/2018 11:42,4.235.176.179,-7.107.452.168
I182065290,Residential Burglary,15/08/2018 11:00,4.231.526.714,-7.106.306.870
I182065176,Larceny From Motor Vehicle,15/08/2018 18:15,4.231.809.368,-7.108.145.801
I182065117,Larceny,04/08/2018 08:00,4.235.194.780,-7.113.410.791
I182065012,Larceny From Motor Vehicle,10/07/2018 19:00,4.231.915.481,-7.111.102.565
I182064944,Robbery,14/08/2018 23:47,4.227.543.421,-7.109.234.389
I182064873,Auto Theft,10/08/2018 12:00,4.234.571.916,-7.108.562.464
I182064794,Larceny,15/07/2018 00:00,4.236.312.194,-7.113.056.327
I182064712,Larceny From Motor Vehicle,11/08/2018 23:00,4.227.700.963,-7.107.431.626
I182064610,Larceny,13/08/2018 21:00,4.235.997.967,-7.105.474.135
I182064499,Larceny,13/08/2018 09:00,4.231.089.986,-7.108.007.661
I182064430,Larceny From Motor Vehicle,12/08/2018 19:00,4.232.696.647,-7.106.198.607
I182064368,Larceny From Motor Vehicle,12/08/2018 19:00,4.226.322.593,-7.115.678.746
I182064262,Aggravated Assault,12/08/2018 17:41,4.229.768.954,-7.106.090.954
I182064182,Larceny,11/08/2018 20:15,4.231.193.403,-7.111.429.090
I182064134,Larceny,12/08/2018 10:09,4.227.905.730,-7.109.584.789
I182064041,Auto Theft,11/08/2018 21:27,4.229.413.563,-7.108.341.129
I182063933,Auto Theft,09/08/2018 08:00,4.232.665.471,-7.110.679.596
I182063835,Larceny From Motor Vehicle,10/08/2018 19:00,4.234.657.497,-7.107.438.650
I182063749,Larceny,10/08/2018 20:40,4.237.912.706,-7.106.122.663
I182063653,Larceny From Motor Vehicle,09/08/2018 21:00,4.234.652.179,-7.116.622.825
I182063536,Larceny From Motor Vehicle,09/08/2018 22:00,4.236.700.659,-7.105.629.777
I182063422,Larceny,09/08/2018 21:02,4.234.353.469,-7.109.980.109
I182063345,Residential Burglary,09/08/2018 07:00,4.232.093.932,-7.110.293.620
I182063246,Residential Burglary,09/08/2018 12:50,4.231.401.290,-7.108.635.277
I182063147,Larceny From Motor Vehicle,08/08/2018 17:00,4.233.139.575,-7.103.983.187
I182063049,Larceny,08/08/2018 18:00,4.234.797.240,-7.107.849.582
I182062945,Auto Theft,07/08/2018 09:20,4.233.796.886,-7.106.408.210
I182062889,Residential Burglary,08/08/2018 03:45,4.227.253.606,-7.113.622.919
I182062803,Robbery,07/08/2018 23:34,4.237.684.713,-7.103.367.179
I182062694,Larceny,07/08/2018 16:01,4.234.840.576,-7.108.688.339
I182062588,Larceny From Motor Vehicle,04/08/2018 20:00,4.233.282.966,-7.105.777.600
I182062514,Robbery,07/08/2018 03:00,4.235.131.095,-7.106.030.942
I182062364,Larceny,06/08/2018 15:15,4.234.928.287,-7.107.689.903
I182062297,Larceny,04/08/2018 17:00,4.229.779.501,-7.107.384.157
I182062236,Larceny,21/07/2018 12:36,4.236.179.428,-7.105.711.270
I182062147,Aggravated Assault,05/08/2018 23:18,4.233.790.280,-7.105.611.348
I182062049,Robbery,05/08/2018 15:40,4.230.711.484,-7.108.425.151
I182061962,Larceny From Motor Vehicle,04/08/2018 12:00,4.235.864.336,-7.114.599.484
I182061837,Larceny,04/08/2018 18:02,4.228.187.061,-7.108.751.152
I182061744,Aggravated Assault,04/08/2018 11:21,4.227.991.636,-7.109.674.377
I182061666,Residential Burglary,03/08/2018 23:36,4.229.808.992,-7.107.178.667
I182061530,Residential Burglary,03/08/2018 16:46,4.232.311.753,-7.110.666.220
I182061458,Larceny,02/08/2018 23:30,4.234.255.587,-7.109.807.867
I182061385,Residential Burglary,03/08/2018 03:15,4.235.147.715,-7.115.143.461
I182061290,Robbery,02/08/2018 22:17,4.231.640.336,-7.109.770.225
I182061182,Larceny From Motor Vehicle,02/08/2018 12:20,4.232.595.358,-7.109.665.766
I182061097,Larceny From Motor Vehicle,31/07/2018 14:00,4.226.362.350,-7.115.452.494
I182061003,Robbery,02/08/2018 08:10,4.229.861.988,-7.108.511.004
I182060889,Larceny From Motor Vehicle,29/07/2018 21:30,4.228.152.196,-7.109.008.408
I182060825,Aggravated Assault,01/08/2018 14:07,4.234.799.065,-7.106.257.300
I182060724,Larceny,01/08/2018 00:00,4.226.994.732,-7.109.380.308
I182060594,Larceny,31/07/2018 19:00,4.227.581.799,-7.113.991.259
I182060511,Larceny,31/07/2018 12:15,4.235.095.909,-7.107.412.780
I182060434,Larceny,31/07/2018 11:52,4.234.984.179,-7.107.480.212
I182060335,Larceny,30/07/2018 23:00,4.231.521.134,-7.108.783.592
I182060259,Larceny,30/07/2018 18:17,4.234.862.382,-7.108.277.637
I182060184,Aggravated Assault,30/07/2018 15:20,4.230.149.433,-7.107.511.760
I182060125,Larceny From Motor Vehicle,27/07/2018 17:00,4.228.314.714,-7.111.374.152
I182060017,Auto Theft,30/07/2018 02:01,4.234.255.587,-7.109.807.867
I182059936,Residential Burglary,29/07/2018 18:56,4.234.942.050,-7.108.315.800
I182059878,Larceny,25/07/2018 15:46,4.236.668.653,-7.112.529.557
I182059784,Auto Theft,29/07/2018 06:40,4.229.604.546,-7.105.635.478
I182059675,Larceny,28/07/2018 07:05,4.235.426.247,-7.105.883.334
I182059592,Larceny,19/07/2018 01:38,4.231.610.023,-7.107.523.196
I182059505,Larceny From Motor Vehicle,27/07/2018 16:00,4.235.343.620,-7.107.656.488
I182059396,Larceny,27/07/2018 18:46,4.234.442.266,-7.109.833.083
I182059314,Larceny,20/07/2018 01:00,4.235.066.174,-7.106.602.232
I182059251,Larceny,25/07/2018 07:17,4.236.489.527,-7.106.050.249
I182059157,Aggravated Assault,27/07/2018 01:55,4.235.942.556,-7.105.288.819
I182059080,Residential Burglary,23/07/2018 14:30,4.238.093.483,-7.103.342.368
I182058978,Aggravated Assault,26/07/2018 00:00,4.233.802.658,-7.105.492.863
I182058887,Auto Theft,25/07/2018 18:00,4.231.165.709,-7.105.531.787
I182058810,Larceny,25/07/2018 21:59,4.228.529.234,-7.109.121.672
I182058694,Larceny,24/07/2018 17:00,4.227.894.137,-7.106.573.290
I182058625,Larceny From Motor Vehicle,24/07/2018 12:00,4.235.074.192,-7.107.146.111
I182058530,Larceny,25/07/2018 00:54,4.235.311.007,-7.106.432.264
I182058424,Larceny,22/07/2018 16:00,4.233.128.646,-7.110.254.023
I182058304,Larceny,24/07/2018 12:11,4.230.783.120,-7.106.529.544
I182058247,Larceny From Motor Vehicle,24/07/2018 06:39,4.234.577.820,-7.108.429.595
I182058155,Larceny,23/07/2018 20:40,4.234.749.899,-7.107.925.506
I182058088,Larceny,23/07/2018 17:30,4.229.755.533,-7.105.970.910
I182058029,Auto Theft,23/07/2018 10:11,4.232.696.647,-7.106.198.607
I182057949,Larceny,22/07/2018 20:00,4.232.198.656,-7.106.280.666
I182057614,Robbery,22/07/2018 00:43,4.237.829.205,-7.105.387.024
I182057787,Larceny,22/07/2018 17:41,4.235.997.967,-7.105.474.135
I182057695,Larceny,22/07/2018 10:28,4.233.546.813,-7.104.489.149
I182057558,Larceny From Motor Vehicle,21/07/2018 15:00,4.232.160.158,-7.109.203.547
I182057498,Auto Theft,21/07/2018 14:00,4.229.290.563,-7.106.955.795
I182057417,Auto Theft,20/07/2018 13:45,4.231.847.226,-7.108.409.289
I182057323,Aggravated Assault,20/07/2018 22:57,4.228.187.558,-7.108.550.538
I182057245,Larceny,20/07/2018 12:29,4.235.685.593,-7.106.979.283
I182057197,Larceny,14/07/2018 17:00,4.233.575.801,-7.102.820.306
I182057118,Larceny,20/07/2018 10:30,4.231.696.650,-7.108.254.058
I182057054,Larceny From Motor Vehicle,20/07/2018 06:24,4.233.845.028,-7.107.210.292
I182056968,Auto Theft,17/07/2018 13:00,4.231.858.817,-7.107.778.653
I182056902,Larceny From Motor Vehicle,19/07/2018 17:38,4.224.288.459,-7.112.255.206
I182056846,Larceny,19/07/2018 13:36,4.227.357.721,-7.106.770.430
I182056737,Larceny From Motor Vehicle,19/07/2018 07:05,4.231.547.148,-7.108.173.764
I182056633,Auto Theft,18/07/2018 10:30,4.233.506.218,-7.109.316.781
I182056496,Commercial Burglary,18/07/2018 02:40,4.236.618.717,-7.105.402.535
I182056409,Residential Burglary,17/07/2018 21:00,4.230.406.551,-7.107.003.320
I182056328,Larceny,17/07/2018 18:07,4.234.902.699,-7.112.987.800
I182056256,Larceny,17/07/2018 13:22,4.237.499.333,-7.103.982.596
I182056163,Larceny From Motor Vehicle,16/07/2018 17:00,4.231.431.673,-7.105.624.422
I182056064,Larceny From Motor Vehicle,16/07/2018 17:57,4.231.252.546,-7.107.389.321
I182055971,Larceny,14/07/2018 14:00,4.231.757.074,-7.105.672.123
I182055893,Auto Theft,15/07/2018 10:00,4.231.578.488,-7.107.210.679
I182055827,Aggravated Assault,15/07/2018 21:07,4.233.130.578,-7.107.194.742
I182055735,Robbery,15/07/2018 16:17,4.227.781.081,-7.109.104.290
I182055637,Larceny From Motor Vehicle,15/07/2018 10:06,4.233.836.691,-7.105.015.046
I182055551,Larceny,14/07/2018 20:00,4.235.942.556,-7.105.288.819
I182055481,Larceny From Motor Vehicle,14/07/2018 16:37,4.234.977.652,-7.108.670.876
I182055389,Larceny,13/07/2018 16:00,4.233.695.500,-7.107.747.000
I182055284,Aggravated Assault,13/07/2018 21:15,4.228.061.230,-7.108.350.146
I182055211,Larceny,13/07/2018 16:34,4.235.825.785,-7.112.560.096
I182055075,Larceny From Motor Vehicle,12/07/2018 07:00,4.232.734.083,-7.106.732.427
I182055025,Aggravated Assault,12/07/2018 22:56,4.232.667.212,-7.107.977.739
I182054905,Larceny,12/07/2018 15:59,4.234.241.899,-7.109.678.306
I182054798,Larceny From Motor Vehicle,11/07/2018 11:04,4.223.382.322,-7.113.015.658
I182054703,Larceny,11/07/2018 21:30,4.235.415.745,-7.105.412.606
I182054596,Larceny,11/07/2018 16:20,4.235.997.967,-7.105.474.135
I182054459,Larceny From Motor Vehicle,10/07/2018 20:40,4.235.517.514,-7.115.093.107
I182054399,Larceny From Motor Vehicle,09/07/2018 22:00,4.234.726.500,-7.110.294.900
I182054339,Residential Burglary,07/07/2018 15:45,4.233.596.847,-7.108.129.856
I182054208,Larceny From Motor Vehicle,10/07/2018 08:30,4.232.809.966,-7.106.321.676
I182054062,Robbery,08/07/2018 21:30,4.229.918.070,-7.106.429.139
I182053922,Larceny,09/07/2018 11:05,4.232.809.966,-7.106.321.676
I182053826,Aggravated Assault,09/07/2018 08:26,4.228.297.379,-7.108.194.011
I182053749,Aggravated Assault,08/07/2018 21:12,4.231.250.552,-7.108.314.735
I182053684,Residential Burglary,08/07/2018 17:13,4.234.571.916,-7.108.562.464
I182053609,Larceny,08/07/2018 11:02,4.235.997.967,-7.105.474.135
I182053529,Robbery,07/07/2018 23:02,4.226.788.791,-7.110.067.012
I182053440,Larceny,07/07/2018 16:36,4.229.056.142,-7.108.926.028
I182053358,Larceny,07/07/2018 10:57,4.234.901.954,-7.108.130.134
I182053284,Robbery,06/07/2018 20:30,4.230.175.853,-7.107.462.980
I182053196,Larceny,06/07/2018 17:24,4.228.956.988,-7.108.510.501
I182053090,Auto Theft,06/07/2018 11:30,4.230.761.110,-7.105.970.561
I182052999,Larceny From Motor Vehicle,05/07/2018 00:00,4.235.115.526,-7.106.130.589
I182052840,Larceny,05/07/2018 15:54,4.233.816.387,-7.107.461.217
I182052737,Larceny From Motor Vehicle,04/07/2018 08:00,4.228.393.145,-7.111.733.126
I182052644,Aggravated Assault,05/07/2018 01:49,4.231.852.295,-7.106.865.846
I182052553,Aggravated Assault,04/07/2018 18:40,4.231.224.327,-7.107.549.901
I182052443,Larceny,03/07/2018 22:30,4.233.189.752,-7.106.908.191
I182052345,Residential Burglary,03/07/2018 21:13,4.233.016.218,-7.105.505.492
I182052224,Larceny From Motor Vehicle,03/07/2018 14:38,4.231.587.563,-7.108.310.526
I182052104,Aggravated Assault,03/07/2018 04:21,4.232.130.010,-7.108.567.786
I182051992,Larceny,02/07/2018 17:03,4.230.854.728,-7.105.821.219
I182051852,Larceny,02/07/2018 01:20,4.233.152.148,-7.107.085.307
I182051742,Auto Theft,01/07/2018 12:30,4.230.175.853,-7.107.462.980
I182051631,Auto Theft,01/07/2018 00:02,4.237.080.805,-7.104.292.706
I182051511,Larceny,01/07/2018 03:18,4.234.373.929,-7.104.499.632
I182051413,Larceny,30/06/2018 18:12,4.234.862.382,-7.108.277.637
I182051349,Robbery,30/06/2018 12:50,4.235.988.372,-7.106.016.189
I182051257,Residential Burglary,30/06/2018 04:43,4.234.403.563,-7.108.117.746
I182051174,Robbery,29/06/2018 21:41,4.232.291.406,-7.110.328.402
I182051057,Larceny,29/06/2018 14:00,4.235.358.129,-7.106.236.665
I182050993,Larceny,29/06/2018 11:09,4.230.846.634,-7.108.327.830
I182050883,Larceny,28/06/2018 21:25,4.234.911.289,-7.108.767.768
I182050777,Larceny,28/06/2018 15:38,4.234.376.458,-7.108.866.865
I182050675,Larceny From Motor Vehicle,27/06/2018 23:00,4.230.161.831,-7.105.819.309
I182050580,Aggravated Assault,27/06/2018 23:07,4.234.717.072,-7.109.855.075
I182050505,Other Burglary,27/06/2018 17:06,4.233.210.843,-7.107.014.395
I182050409,Aggravated Assault,27/06/2018 14:00,4.230.576.686,-7.108.097.517
I182050313,Larceny From Motor Vehicle,26/06/2018 23:15,4.235.439.933,-7.116.006.811
I182050211,Larceny,26/06/2018 22:42,4.234.895.777,-7.108.489.204
I182050118,Larceny,24/06/2018 16:00,4.234.338.034,-7.108.627.921
I182050057,Larceny,26/06/2018 13:03,4.235.456.406,-7.106.147.418
I182049984,Larceny,26/06/2018 10:53,4.234.813.158,-7.108.027.002
I182049903,Larceny,25/06/2018 19:52,4.228.918.711,-7.106.973.172
I182049785,Larceny,25/06/2018 17:29,4.234.334.672,-7.106.643.142
I182049678,Larceny From Motor Vehicle,25/06/2018 03:00,4.235.343.384,-7.113.786.355
I182049566,Auto Theft,25/06/2018 02:36,4.237.671.994,-7.106.266.605
I182049433,Aggravated Assault,24/06/2018 14:40,4.235.231.190,-7.106.370.510
I182049356,Larceny,20/06/2018 18:30,4.235.892.253,-7.105.635.419
I182049207,Auto Theft,23/06/2018 19:02,4.228.458.088,-7.103.973.966
I182049126,Auto Theft,23/06/2018 14:43,4.229.385.719,-7.108.324.022
I182049046,Auto Theft,02/07/2018 00:00,4.230.178.949,-7.105.514.183
I182048968,Aggravated Assault,22/06/2018 22:30,4.229.234.026,-7.109.338.241
I182048863,Robbery,22/06/2018 17:53,4.235.595.391,-7.113.852.468
I182048760,Larceny,22/06/2018 11:20,4.234.439.568,-7.108.632.016
I182048645,Larceny,21/06/2018 16:07,4.234.693.807,-7.109.266.111
I182048503,Larceny,21/06/2018 14:28,4.234.988.575,-7.114.522.971
I182048412,Residential Burglary,21/06/2018 08:30,4.231.197.821,-7.109.737.435
I182048275,Larceny,16/06/2018 21:30,4.229.281.079,-7.107.327.594
I182048199,Residential Burglary,20/06/2018 14:07,4.232.198.919,-7.109.400.837
I182048117,Aggravated Assault,20/06/2018 09:51,4.229.926.303,-7.107.626.513
I182047981,Larceny,19/06/2018 18:04,4.230.648.026,-7.106.675.783
I182047860,Larceny,19/06/2018 00:18,4.235.118.005,-7.107.666.607
I182047791,Larceny,11/06/2018 00:00,4.235.410.505,-7.112.792.774
I182047694,Aggravated Assault,19/06/2018 00:00,4.235.043.297,-7.105.873.158
I182047578,Aggravated Assault,18/06/2018 17:33,4.231.224.327,-7.107.549.901
I182047425,Larceny From Motor Vehicle,16/06/2018 11:30,4.228.604.727,-7.105.730.410
I182047320,Larceny,17/06/2018 23:24,4.234.937.839,-7.113.249.037
I182047248,Aggravated Assault,17/06/2018 18:10,4.234.827.698,-7.107.038.932
I182047175,Aggravated Assault,17/06/2018 11:51,4.230.703.587,-7.108.410.227
I182047103,Aggravated Assault,16/06/2018 22:00,4.227.693.086,-7.108.631.706
I182046966,Residential Burglary,16/06/2018 15:44,4.228.981.696,-7.106.760.634
I182046848,Larceny,16/06/2018 05:02,4.235.658.500,-7.106.189.505
I182046727,Robbery,15/06/2018 17:00,4.232.217.348,-7.108.506.711
I182046628,Larceny,15/06/2018 12:10,4.234.852.699,-7.106.486.875
I182046539,Aggravated Assault,14/06/2018 09:00,4.230.183.841,-7.106.127.819
I182046381,Auto Theft,13/06/2018 19:00,4.229.451.627,-7.105.875.403
I182046292,Larceny From Motor Vehicle,13/06/2018 19:00,4.229.979.690,-7.106.533.457
I182046175,Larceny,13/06/2018 17:00,4.237.987.589,-7.103.171.809
I182046052,Aggravated Assault,13/06/2018 19:51,4.230.209.443,-7.106.575.183
I182045975,Larceny,07/05/2018 08:00,4.234.430.114,-7.108.761.830
I182045882,Larceny,13/06/2018 11:36,4.225.592.648,-7.112.317.207
I182045776,Larceny From Motor Vehicle,12/06/2018 20:30,4.235.913.227,-7.107.074.326
I182045661,Robbery,12/06/2018 16:46,4.227.130.225,-7.107.442.362
I182045547,Aggravated Assault,12/06/2018 12:12,4.234.842.775,-7.107.646.876
I182045454,Aggravated Assault,12/06/2018 06:02,4.233.233.550,-7.107.120.018
I182045342,Larceny,09/06/2018 16:20,4.235.933.140,-7.106.549.247
I182045243,Aggravated Assault,11/06/2018 14:33,4.226.985.916,-7.109.346.353
I182045099,Residential Burglary,11/06/2018 02:06,4.234.239.114,-7.108.872.018
I182044987,Larceny,10/06/2018 14:30,4.233.860.282,-7.109.355.306
I182044918,Larceny,10/06/2018 12:40,4.229.733.660,-7.108.729.604
I182044845,Larceny,10/06/2018 02:23,4.237.620.267,-7.103.979.926
I182044745,Larceny From Motor Vehicle,09/06/2018 18:19,4.227.855.984,-7.109.199.697
I182044666,Larceny,09/06/2018 12:19,4.226.994.732,-7.109.380.308
I182044548,Larceny From Motor Vehicle,08/06/2018 20:00,4.234.942.864,-7.106.536.641
I182044443,Larceny,08/06/2018 15:37,4.227.531.312,-7.111.587.798
I182044346,Larceny,06/06/2018 07:00,4.233.123.776,-7.109.140.736
I182044270,Larceny From Motor Vehicle,07/06/2018 18:00,4.228.789.854,-7.105.005.400
I182044168,Robbery,07/06/2018 19:52,4.229.648.008,-7.108.001.594
I182044068,Larceny From Motor Vehicle,06/06/2018 22:00,4.230.565.415,-7.108.186.812
I182043962,Aggravated Assault,07/06/2018 10:00,4.231.161.123,-7.107.625.600
I182043896,Robbery,07/06/2018 00:17,4.234.997.840,-7.105.683.752
I182043763,Aggravated Assault,06/06/2018 12:27,4.235.246.671,-7.106.167.002
I182043651,Auto Theft,06/06/2018 11:17,4.227.000.477,-7.108.334.734
I182043518,Larceny,05/06/2018 19:10,4.226.194.848,-7.110.971.613
I182043423,Robbery,05/06/2018 15:31,4.226.788.791,-7.110.067.012
I182043317,Larceny From Motor Vehicle,04/06/2018 20:00,4.235.027.252,-7.112.812.209
I182043218,Aggravated Assault,04/06/2018 20:39,4.233.237.733,-7.108.237.779
I182043135,Larceny From Motor Vehicle,04/06/2018 09:45,4.234.211.488,-7.106.611.075
I182043012,Aggravated Assault,04/06/2018 09:28,4.234.660.366,-7.109.497.996
I182042873,Larceny,03/06/2018 17:11,4.233.129.745,-7.104.864.886
I182042716,Aggravated Assault,03/06/2018 00:59,4.233.483.110,-7.107.904.134
I182042599,Larceny,02/06/2018 15:45,4.234.999.733,-7.108.103.440
I182042524,Larceny,02/06/2018 00:01,4.234.828.759,-7.107.891.773
I182042362,Larceny,01/06/2018 20:21,4.229.131.613,-7.107.170.293
I182042250,Larceny,01/06/2018 13:29,4.227.653.731,-7.109.339.510
I182042149,Aggravated Assault,30/05/2018 16:30,4.237.448.704,-7.106.708.679
I182042039,Robbery,31/05/2018 21:21,4.228.287.754,-7.108.474.489
I182041958,Aggravated Assault,31/05/2018 17:00,4.235.294.166,-7.115.110.370
I182041858,Larceny From Motor Vehicle,31/05/2018 11:22,4.231.735.472,-7.106.582.970
I182041770,Auto Theft,30/05/2018 19:30,4.228.477.931,-7.106.223.825
I182041664,Larceny From Motor Vehicle,30/05/2018 10:30,4.233.760.828,-7.107.333.879
I182041539,Larceny,29/05/2018 20:00,4.233.210.843,-7.107.014.395
I182041361,Larceny From Motor Vehicle,29/05/2018 19:40,4.232.118.290,-7.110.682.780
I182041300,Larceny From Motor Vehicle,29/05/2018 17:02,4.235.025.370,-7.113.336.819
I182041184,Larceny From Motor Vehicle,29/05/2018 11:13,4.231.633.855,-7.106.879.992
I182041078,Aggravated Assault,29/05/2018 01:43,4.233.611.200,-7.104.665.434
I182040967,Larceny,28/05/2018 17:14,4.237.554.598,-7.106.272.197
I182040882,Aggravated Assault,28/05/2018 10:18,4.226.817.397,-7.109.387.677
I182040697,Larceny,11/05/2018 15:49,4.230.492.239,-7.110.298.073
I182040542,Larceny From Motor Vehicle,26/05/2018 21:15,4.234.543.327,-7.107.739.498
I182040439,Larceny,26/05/2018 17:06,4.233.380.683,-7.110.377.843
I182040306,Aggravated Assault,26/05/2018 07:42,4.231.026.396,-7.108.201.870
I182040201,Robbery,25/05/2018 20:44,4.237.029.336,-7.103.925.861
I182040117,Residential Burglary,24/05/2018 16:00,4.234.649.653,-7.110.692.212
I182039956,Larceny From Motor Vehicle,25/05/2018 07:12,4.230.250.605,-7.108.329.400
I182039872,Larceny,24/05/2018 16:50,4.235.997.967,-7.105.474.135
I182039765,Aggravated Assault,24/05/2018 14:09,4.229.666.202,-7.106.121.836
I182039639,Residential Burglary,24/05/2018 02:12,4.231.175.348,-7.108.197.378
I182039540,Larceny,23/05/2018 18:25,4.225.189.440,-7.112.535.310
I182039432,Larceny,23/05/2018 14:10,4.235.450.139,-7.105.916.774
I182039369,Residential Burglary,23/05/2018 11:20,4.229.540.175,-7.108.237.834
I182039271,Larceny From Motor Vehicle,23/05/2018 04:42,4.232.614.559,-7.105.349.144
I182039188,Robbery,22/05/2018 20:13,4.236.849.441,-7.104.004.705
I182039061,Aggravated Assault,22/05/2018 14:38,4.230.090.969,-7.107.425.843
I182038973,Larceny From Motor Vehicle,20/05/2018 23:00,4.238.069.279,-7.102.954.916
I182038852,Larceny,21/05/2018 20:00,4.235.329.808,-7.113.504.948
I182038751,Larceny,21/05/2018 13:00,4.232.553.801,-7.106.579.592
I182038620,Larceny From Motor Vehicle,18/05/2018 19:30,4.234.507.147,-7.108.057.788
I182038535,Aggravated Assault,20/05/2018 22:35,4.228.250.165,-7.106.363.830
I182038429,Larceny,20/05/2018 13:00,4.237.627.664,-7.105.383.757
I182038316,Commercial Burglary,20/05/2018 05:02,4.231.162.834,-7.108.094.294
I182038224,Auto Theft,19/05/2018 19:36,4.239.001.126,-7.101.170.314
I182038095,Larceny,19/05/2018 09:00,4.231.661.027,-7.105.669.382
I182037999,Aggravated Assault,18/05/2018 21:41,4.231.854.554,-7.109.866.300
I182037913,Larceny,18/05/2018 16:43,4.232.593.326,-7.108.345.591
I182037817,Larceny,16/05/2018 09:00,4.230.114.533,-7.105.991.447
I182037706,Aggravated Assault,18/05/2018 00:05,4.232.930.936,-7.106.898.572
I182037610,Larceny,16/05/2018 18:00,4.234.980.175,-7.107.840.978
I182037493,Aggravated Assault,25/03/2018 13:00,4.230.782.140,-7.108.354.076
I182037382,Auto Theft,17/05/2018 04:02,4.233.640.891,-7.108.565.039
I182037278,Larceny From Motor Vehicle,16/05/2018 18:36,4.229.681.643,-7.104.853.785
I182037148,Larceny From Motor Vehicle,16/05/2018 11:31,4.230.703.587,-7.108.410.227
I182037020,Commercial Burglary,15/05/2018 19:45,4.236.478.627,-7.105.825.825
I182036916,Larceny,07/05/2018 09:00,4.226.546.031,-7.112.023.924
I182036799,Auto Theft,12/05/2018 20:00,4.236.475.392,-7.105.469.547
I182036684,Larceny From Motor Vehicle,13/05/2018 15:00,4.235.906.015,-7.106.769.673
I182036574,Larceny,14/05/2018 12:20,4.235.143.483,-7.106.969.334
I182036470,Larceny From Motor Vehicle,14/05/2018 04:57,4.235.909.289,-7.105.327.197
I182036380,Aggravated Assault,13/05/2018 17:46,4.228.208.198,-7.107.364.875
I182036276,Larceny From Motor Vehicle,13/05/2018 08:29,4.235.386.331,-7.113.018.733
I182036187,Larceny,12/05/2018 20:36,4.234.862.382,-7.108.277.637
I182036083,Larceny,09/05/2018 18:00,4.232.155.229,-7.110.244.044
I182035969,Larceny,11/05/2018 23:00,4.234.968.872,-7.107.711.256
I182035879,Larceny,21/04/2018 11:29,4.234.314.406,-7.109.589.305
I182035791,Larceny,11/05/2018 13:00,4.235.037.870,-7.107.626.098
I182035686,Larceny,11/05/2018 04:42,4.235.909.289,-7.105.327.197
I182035582,Larceny,10/05/2018 17:45,4.234.862.382,-7.108.277.637
I182035505,Larceny,10/05/2018 14:46,4.226.994.732,-7.109.380.308
I182035430,Larceny,10/05/2018 10:52,4.236.116.798,-7.106.355.607
I182035300,Larceny,09/05/2018 17:30,4.234.489.594,-7.109.659.186
I182035187,Larceny,08/05/2018 00:00,4.230.854.728,-7.105.821.219
I182035084,Larceny From Motor Vehicle,08/05/2018 20:00,4.232.583.998,-7.105.463.516
I182034999,Larceny,08/05/2018 11:35,4.235.055.412,-7.109.056.227
I182034865,Larceny,08/05/2018 14:00,4.235.602.373,-7.106.177.615
I182034740,Aggravated Assault,08/05/2018 00:35,4.233.104.018,-7.108.089.782
I182034606,Larceny,07/05/2018 16:41,4.234.862.382,-7.108.277.637
I182034496,Larceny,07/05/2018 11:13,4.231.322.413,-7.105.715.277
I182034347,Larceny From Motor Vehicle,06/05/2018 07:01,4.235.456.406,-7.106.147.418
I182034217,Larceny,06/05/2018 12:35,4.231.485.546,-7.109.922.410
I182034093,Robbery,05/05/2018 23:09,4.230.977.065,-7.106.699.385
I182033993,Larceny,28/04/2018 18:00,4.228.058.700,-7.107.432.184
I182033849,Robbery,05/05/2018 02:37,4.235.358.129,-7.106.236.665
I182033842,Aggravated Assault,05/05/2018 02:14,4.231.529.421,-7.109.486.034
I182033720,Aggravated Assault,21/04/2018 23:00,4.236.445.569,-7.106.845.778
I182033609,Larceny,21/04/2018 10:00,4.235.118.005,-7.107.666.607
I182033510,Aggravated Assault,04/05/2018 05:07,4.231.368.925,-7.107.427.080
I182033364,Larceny,03/05/2018 16:47,4.235.176.179,-7.107.452.168
I182033173,Aggravated Assault,03/05/2018 01:01,4.229.817.919,-7.108.692.159
I182032990,Larceny,01/05/2018 00:00,4.231.877.172,-7.107.357.119
I182032922,Residential Burglary,02/05/2018 11:13,4.230.638.316,-7.108.435.635
I182032753,Larceny,01/05/2018 11:00,4.235.178.454,-7.105.590.762
I182032573,Larceny,29/03/2018 08:00,4.227.417.433,-7.116.037.130
I182032459,Aggravated Assault,30/04/2018 19:18,4.232.962.107,-7.105.763.827
I182032370,Larceny,30/04/2018 14:54,4.235.059.717,-7.107.881.031
I182032271,Aggravated Assault,30/04/2018 10:12,4.234.285.014,-7.106.516.235
I182032150,Robbery,29/04/2018 19:01,4.237.749.764,-7.105.031.219
I182032072,Larceny,28/04/2018 19:33,4.234.412.628,-7.109.942.777
I182031980,Larceny,29/04/2018 01:23,4.234.993.026,-7.109.407.011
I182031868,Larceny,28/04/2018 16:29,4.237.673.508,-7.103.914.119
I182031758,Auto Theft,28/04/2018 00:30,4.234.888.042,-7.106.149.764
I182031632,Larceny,27/04/2018 17:25,4.231.776.637,-7.108.207.709
I182031558,Larceny,27/04/2018 13:37,4.231.696.650,-7.108.254.058
I182031468,Larceny,27/04/2018 09:59,4.232.150.239,-7.105.967.200
I182031361,Robbery,26/04/2018 18:40,4.229.290.563,-7.106.955.795
I182031251,Larceny,26/04/2018 13:39,4.235.512.339,-7.106.087.980
I182031086,Robbery,25/04/2018 21:30,4.225.194.322,-7.111.925.138
I182030964,Larceny,25/04/2018 13:46,4.234.211.488,-7.106.611.075
I182030862,Larceny From Motor Vehicle,24/04/2018 19:00,4.233.059.030,-7.103.888.028
I182030707,Auto Theft,24/04/2018 14:45,4.235.185.362,-7.108.325.149
I182030630,Larceny,31/03/2018 20:00,4.234.439.568,-7.108.632.016
I182030544,Aggravated Assault,24/04/2018 06:45,4.237.010.622,-7.103.261.984
I182030432,Auto Theft,23/04/2018 11:45,4.228.197.491,-7.106.085.599
I182030310,Larceny,22/04/2018 20:00,4.231.223.006,-7.106.391.367
I182030138,Larceny,22/04/2018 16:35,4.235.115.526,-7.106.130.589
I182030076,Larceny,22/04/2018 11:06,4.234.862.382,-7.108.277.637
I182029988,Larceny,22/04/2018 00:02,4.228.873.871,-7.107.112.627
I182029881,Larceny,21/04/2018 17:01,4.234.227.908,-7.109.152.151
I182029800,Larceny From Motor Vehicle,21/04/2018 11:15,4.233.309.210,-7.102.594.901
I182029691,Larceny,20/04/2018 20:39,4.234.160.357,-7.109.771.750
I182029555,Larceny,20/04/2018 13:51,4.234.682.750,-7.114.319.087
I182029451,Commercial Burglary,20/04/2018 01:00,4.232.692.266,-7.108.313.475
I182029319,Auto Theft,19/04/2018 16:24,4.232.579.408,-7.108.563.758
I182029256,Larceny,17/04/2018 21:00,4.232.469.443,-7.110.087.902
I182029179,Larceny From Motor Vehicle,05/04/2018 00:00,4.226.312.000,-7.115.508.544
I182029065,Larceny,18/04/2018 12:00,4.236.445.713,-7.105.642.659
I182028928,Larceny,18/04/2018 12:00,4.235.997.967,-7.105.474.135
I182028765,Aggravated Assault,17/04/2018 18:27,4.230.889.362,-7.107.410.474
I182028643,Larceny,17/04/2018 12:25,4.232.809.966,-7.106.321.676
I182028582,Larceny,17/04/2018 09:57,4.229.848.866,-7.106.313.294
I182028414,Commercial Burglary,16/04/2018 13:49,4.230.962.068,-7.106.006.083
I182028275,Auto Theft,15/04/2018 20:51,4.230.664.081,-7.108.584.976
I182028176,Aggravated Assault,13/04/2018 12:13,4.230.242.197,-7.106.122.871
I182028080,Larceny,14/04/2018 18:37,4.229.109.287,-7.106.594.539
I182027946,Larceny,14/04/2018 11:33,4.234.862.382,-7.108.277.637
I182027830,Robbery,14/04/2018 06:39,4.235.231.190,-7.106.370.510
I182027710,Auto Theft,13/04/2018 19:09,4.233.543.317,-7.105.705.378
I182027625,Larceny,13/04/2018 13:54,4.234.862.382,-7.108.277.637
I182027541,Larceny,13/04/2018 09:46,4.234.044.966,-7.108.845.935
I182027437,Residential Burglary,12/04/2018 18:22,4.228.603.500,-7.104.126.723
I182027300,Auto Theft,12/04/2018 10:30,4.233.730.901,-7.110.977.389
I182027184,Larceny From Motor Vehicle,12/04/2018 02:04,4.236.529.810,-7.105.740.434
I182027050,Robbery,11/04/2018 15:13,4.230.938.437,-7.108.262.277
I182026969,Larceny,11/04/2018 10:30,4.235.042.609,-7.116.637.332
I182026868,Robbery,10/04/2018 22:47,4.234.888.559,-7.114.007.361
I182026770,Larceny,12/03/2018 09:00,4.234.709.349,-7.108.764.568
I182026702,Larceny,10/04/2018 13:58,4.233.478.090,-7.110.947.770
I182026527,Residential Burglary,09/04/2018 14:30,4.228.013.508,-7.106.512.533
I182026423,Larceny,09/04/2018 14:41,4.228.368.807,-7.106.587.898
I182026327,Larceny,09/04/2018 00:00,4.235.997.967,-7.105.474.135
I182026190,Larceny,07/04/2018 22:30,4.235.118.146,-7.108.824.120
I182026080,Aggravated Assault,08/04/2018 05:12,4.228.378.654,-7.108.715.810
I182025923,Larceny From Motor Vehicle,07/04/2018 15:29,4.234.676.463,-7.108.747.789
I182025828,Larceny From Motor Vehicle,07/04/2018 08:49,4.234.070.290,-7.104.861.145
I182025731,Larceny From Motor Vehicle,06/04/2018 20:34,4.237.546.983,-7.103.730.221
I182025633,Larceny From Motor Vehicle,29/03/2018 21:00,4.233.857.289,-7.105.575.501
I182025513,Residential Burglary,05/04/2018 18:00,4.234.587.157,-7.108.938.851
I182025427,Larceny,05/04/2018 15:49,4.235.512.339,-7.106.087.980
I182025297,Larceny,03/04/2018 12:30,4.235.170.571,-7.111.989.956
I182025135,Larceny From Motor Vehicle,05/03/2018 18:00,4.234.968.280,-7.106.656.125
I182025050,Larceny From Motor Vehicle,03/04/2018 22:40,4.237.932.087,-7.105.914.440
I182024915,Aggravated Assault,03/04/2018 23:45,4.224.077.498,-7.113.536.804
I182024803,Larceny,03/04/2018 07:00,4.233.572.403,-7.107.232.651
I182024692,Larceny,01/04/2018 07:00,4.234.091.586,-7.108.771.531
I182024541,Larceny From Motor Vehicle,02/04/2018 17:25,4.237.051.363,-7.103.336.022
I182024441,Aggravated Assault,25/03/2018 02:10,4.234.974.111,-7.105.801.618
I182024346,Larceny,02/04/2018 06:30,4.235.451.931,-7.107.588.082
I182024245,Auto Theft,31/03/2018 22:00,4.230.226.502,-7.108.494.674
I182024163,Auto Theft,31/03/2018 17:00,4.229.321.264,-7.111.755.983
I182024083,Aggravated Assault,01/04/2018 00:45,4.235.325.379,-7.104.872.410
I182023973,Larceny,31/03/2018 14:00,4.235.602.373,-7.106.177.615
I182023806,Larceny From Motor Vehicle,30/03/2018 12:50,4.234.268.073,-7.109.937.714
I182023723,Auto Theft,30/03/2018 16:00,4.229.331.199,-7.105.965.615
I182023656,Larceny From Motor Vehicle,29/03/2018 18:15,4.231.441.222,-7.108.530.390
I182023570,Larceny From Motor Vehicle,29/03/2018 20:00,4.234.401.294,-7.108.186.196
I182023413,Aggravated Assault,29/03/2018 14:42,4.234.862.382,-7.108.277.637
I182023324,Larceny,29/03/2018 09:00,4.230.132.884,-7.110.963.274
I182023228,Larceny,28/03/2018 21:50,4.237.515.337,-7.106.409.893
I182023077,Larceny,28/03/2018 07:45,4.236.109.742,-7.106.206.081
I182022963,Auto Theft,28/03/2018 04:23,4.230.847.850,-7.106.363.611
I182022895,Other Burglary,24/03/2018 19:30,4.231.330.008,-7.110.075.998
I182022774,Larceny From Motor Vehicle,25/03/2018 22:30,4.231.693.791,-7.110.687.901
I182022696,Larceny From Motor Vehicle,23/03/2018 08:00,4.227.225.423,-7.117.005.546
I182022567,Larceny,25/03/2018 21:50,4.236.497.550,-7.106.204.400
I182022428,Larceny,26/03/2018 09:29,4.230.573.977,-7.106.762.362
I182022302,Larceny,25/03/2018 18:58,4.234.895.777,-7.108.489.204
I182022184,Larceny,25/03/2018 10:30,4.231.771.534,-7.109.823.049
I182022108,Larceny,24/03/2018 22:07,4.234.243.945,-7.108.445.530
I182022035,Auto Theft,23/03/2018 17:30,4.230.273.607,-7.108.248.544
I182021927,Robbery,24/03/2018 01:00,4.228.623.708,-7.107.768.279
I182021852,Larceny,23/03/2018 08:00,4.234.416.701,-7.110.359.107
I182021756,Larceny From Motor Vehicle,23/03/2018 00:30,4.237.374.231,-7.103.905.688
I182021673,Larceny,21/03/2018 17:00,4.235.602.373,-7.106.177.615
I182021527,Robbery,22/03/2018 17:13,4.231.506.898,-7.109.746.579
I182021403,Larceny,22/03/2018 08:32,4.234.355.868,-7.108.734.146
I182021244,Larceny,20/03/2018 15:00,4.233.840.478,-7.108.201.499
I182021113,Larceny From Motor Vehicle,21/03/2018 04:51,4.235.979.038,-7.107.078.234
I182020961,Larceny From Motor Vehicle,18/03/2018 17:00,4.234.341.962,-7.108.395.600
I182020764,Larceny,19/03/2018 20:34,4.228.187.061,-7.108.751.152
I182020663,Aggravated Assault,19/03/2018 15:08,4.231.753.807,-7.108.800.620
I182020574,Larceny,19/03/2018 10:51,4.233.353.790,-7.103.531.827
I182020423,Robbery,18/03/2018 20:07,4.232.288.805,-7.110.174.617
I182020327,Larceny,18/03/2018 11:39,4.235.602.373,-7.106.177.615
I182020146,Larceny From Motor Vehicle,17/03/2018 17:55,4.234.160.357,-7.109.771.750
I182020041,Larceny,17/03/2018 08:25,4.227.205.742,-7.112.024.554
I182019924,Larceny From Motor Vehicle,16/03/2018 14:45,4.233.748.963,-7.110.880.593
I182019807,Aggravated Assault,15/03/2018 17:00,4.229.255.618,-7.111.974.225
I182019689,Larceny,15/03/2018 21:54,4.234.446.622,-7.114.136.327
I182019545,Larceny,10/03/2018 00:43,4.230.524.412,-7.107.483.800
I182019464,Larceny From Motor Vehicle,14/03/2018 00:00,4.233.152.148,-7.107.085.307
I182019266,Residential Burglary,10/03/2018 12:00,4.229.881.968,-7.106.570.084
I182019148,Aggravated Assault,13/03/2018 21:20,4.235.300.247,-7.104.502.270
I182018907,Larceny,12/03/2018 17:27,4.234.862.382,-7.108.277.637
I182018818,Larceny From Motor Vehicle,08/03/2018 23:20,4.230.942.246,-7.108.530.769
I182018664,Larceny,11/03/2018 22:28,4.234.339.388,-7.109.849.282
I182018555,Larceny,11/03/2018 13:55,4.228.314.714,-7.111.374.152
I182018444,Larceny From Motor Vehicle,10/03/2018 00:01,4.234.888.042,-7.106.149.764
I182018366,Aggravated Assault,10/03/2018 17:28,4.231.514.179,-7.106.704.709
I182018269,Larceny,23/02/2018 00:00,4.229.458.370,-7.106.898.342
I182018164,Aggravated Assault,09/03/2018 21:43,4.234.107.005,-7.108.255.287
I182018063,Larceny,01/03/2018 16:45,4.231.633.754,-7.109.326.915
I182017923,Larceny From Motor Vehicle,01/03/2018 14:00,4.225.633.071,-7.111.783.849
I182017789,Larceny,08/03/2018 16:55,4.231.771.534,-7.109.823.049
I182017636,Larceny,07/03/2018 09:30,4.235.909.289,-7.105.327.197
I182017542,Larceny,07/03/2018 14:52,4.229.104.501,-7.107.694.410
I182017431,Larceny,07/03/2018 08:37,4.228.439.820,-7.106.468.373
I182017256,Larceny,06/03/2018 15:20,4.235.176.179,-7.107.452.168
I182017165,Auto Theft,27/02/2018 14:30,4.235.059.717,-7.107.881.031
I182017046,Larceny,05/03/2018 17:23,4.231.929.343,-7.111.178.236
I182016933,Residential Burglary,05/03/2018 12:10,4.227.072.413,-7.116.191.280
I182016796,Residential Burglary,04/03/2018 22:13,4.234.867.943,-7.106.089.490
I182016681,Larceny,04/03/2018 11:20,4.234.902.699,-7.112.987.800
I182016593,Larceny,03/03/2018 10:53,4.234.857.652,-7.107.772.012
I182016467,Larceny,03/03/2018 14:04,4.234.942.050,-7.108.315.800
I182016377,Aggravated Assault,03/03/2018 03:43,4.234.218.758,-7.108.407.092
I182016198,Larceny,02/03/2018 13:17,4.232.553.801,-7.106.579.592
I182016101,Aggravated Assault,02/03/2018 05:20,4.235.029.374,-7.107.744.671
I182015964,Larceny,01/03/2018 08:00,4.233.412.788,-7.110.613.298
I182015870,Larceny,01/03/2018 10:16,4.233.401.829,-7.107.638.124
I182015706,Larceny,28/02/2018 15:30,4.223.490.232,-7.113.791.008
I182015593,Larceny,24/02/2018 17:56,4.236.045.096,-7.105.644.018
I182015486,Aggravated Assault,27/02/2018 22:07,4.238.166.501,-7.104.030.314
I182015282,Larceny,24/02/2018 17:30,4.229.085.881,-7.104.906.172
I182015160,Larceny,26/02/2018 18:50,4.234.489.594,-7.109.659.186
I182015083,Auto Theft,26/02/2018 13:42,4.235.521.429,-7.106.206.351
I182014979,Larceny,28/01/2018 00:00,4.233.058.014,-7.106.248.386
I182014858,Aggravated Assault,25/02/2018 21:05,4.238.279.978,-7.101.977.077
I182014758,Larceny From Motor Vehicle,24/02/2018 20:00,4.234.749.700,-7.110.176.300
I182014690,Larceny,25/02/2018 01:30,4.235.370.585,-7.105.898.587
I182014562,Larceny,24/02/2018 12:00,4.236.179.428,-7.105.711.270
I182014424,Larceny,23/02/2018 14:00,4.235.358.129,-7.106.236.665
I182014311,Larceny From Motor Vehicle,16/02/2018 23:30,4.235.370.585,-7.105.898.587
I182014217,Larceny,20/02/2018 18:00,4.234.134.946,-7.115.122.795
I182014102,Larceny,22/02/2018 18:11,4.235.591.935,-7.106.000.539
I182013992,Aggravated Assault,22/02/2018 10:44,4.225.621.592,-7.112.401.947
I182013884,Larceny,21/02/2018 18:18,4.235.554.806,-7.106.073.140
I182013807,Larceny,20/02/2018 18:03,4.235.955.833,-7.114.956.408
I182013722,Larceny,21/02/2018 07:54,4.234.942.864,-7.106.536.641
I182013581,Larceny From Motor Vehicle,21/02/2018 01:08,4.228.988.441,-7.113.757.868
I182013461,Larceny,20/02/2018 15:46,4.232.118.290,-7.110.682.780
I182013363,Robbery,20/02/2018 11:08,4.228.665.632,-7.113.128.576
I182013254,Residential Burglary,19/02/2018 20:13,4.236.543.830,-7.103.184.193
I182013179,Robbery,19/02/2018 16:24,4.232.859.700,-7.108.274.741
I182013127,Larceny,17/02/2018 13:00,4.235.913.227,-7.107.074.326
I182012964,Larceny,18/02/2018 15:51,4.234.862.382,-7.108.277.637
I182012865,Aggravated Assault,18/02/2018 03:12,4.235.266.601,-7.112.974.348
I182012735,Larceny From Motor Vehicle,16/02/2018 23:00,4.229.124.728,-7.115.399.219
I182012649,Aggravated Assault,17/02/2018 09:38,4.233.014.012,-7.105.695.787
I182012556,Larceny,12/02/2018 13:49,4.234.446.622,-7.114.136.327
I182012480,Larceny,16/02/2018 16:49,4.234.060.608,-7.105.362.687
I182012323,Robbery,15/02/2018 23:24,4.230.775.024,-7.108.273.084
I182012171,Larceny,15/02/2018 15:02,4.232.809.966,-7.106.321.676
I182012039,Larceny From Motor Vehicle,14/02/2018 19:00,4.226.148.088,-7.111.827.815
I182011954,Residential Burglary,14/02/2018 11:00,4.235.316.369,-7.112.820.416
I182011862,Larceny,13/02/2018 19:20,4.234.862.382,-7.108.277.637
I182011778,Aggravated Assault,13/02/2018 13:00,4.230.649.283,-7.108.180.677
I182011658,Larceny,13/02/2018 17:17,4.235.095.909,-7.107.412.780
I182011555,Robbery,04/02/2018 21:15,4.235.540.738,-7.106.312.433
I182011422,Aggravated Assault,12/02/2018 19:09,4.230.313.990,-7.111.735.145
I182011276,Residential Burglary,11/02/2018 18:00,4.234.355.868,-7.108.734.146
I182011110,Auto Theft,11/02/2018 10:30,4.226.994.732,-7.109.380.308
I182011031,Residential Burglary,11/02/2018 03:41,4.233.322.007,-7.110.943.943
I182010938,Larceny,10/02/2018 19:19,4.229.623.685,-7.104.853.645
I182010783,Aggravated Assault,10/02/2018 07:30,4.231.736.234,-7.107.724.596
I182010663,Larceny From Motor Vehicle,08/02/2018 21:00,4.236.445.569,-7.106.845.778
I182010551,Larceny,29/01/2018 18:00,4.234.665.908,-7.107.997.968
I182010450,Auto Theft,08/02/2018 21:51,4.231.200.743,-7.106.650.940
I182010353,Auto Theft,08/02/2018 13:30,4.237.474.921,-7.105.270.605
I182010233,Larceny From Motor Vehicle,07/02/2018 19:30,4.235.321.122,-7.114.841.124
I182010120,Larceny,07/02/2018 18:17,4.228.512.354,-7.104.405.667
I182009985,Larceny,05/02/2018 12:56,4.232.624.204,-7.110.317.575
I182009875,Larceny,06/02/2018 17:30,4.238.306.367,-7.101.601.620
I182009752,Aggravated Assault,06/02/2018 13:11,4.229.352.763,-7.109.037.783
I182009662,Aggravated Assault,04/02/2018 23:59,4.227.651.058,-7.113.417.555
I182009551,Residential Burglary,04/02/2018 21:00,4.232.146.220,-7.107.803.670
I182009448,Residential Burglary,05/02/2018 12:10,4.229.451.627,-7.105.875.403
I182009328,Aggravated Assault,04/02/2018 22:40,4.237.693.992,-7.105.524.264
I182009211,Larceny,04/02/2018 13:36,4.226.623.736,-7.116.843.346
I182009084,Aggravated Assault,03/02/2018 22:36,4.229.202.737,-7.106.796.635
I182008971,Larceny,20/01/2018 18:00,4.225.407.650,-7.114.299.321
I182008832,Residential Burglary,02/02/2018 20:49,4.227.132.363,-7.108.183.509
I182008627,Robbery,02/02/2018 07:49,4.228.536.992,-7.117.244.016
I182008557,Residential Burglary,01/02/2018 21:03,4.235.361.371,-7.112.967.302
I182008449,Residential Burglary,01/02/2018 13:56,4.228.411.373,-7.107.938.717
I182008271,Larceny,31/01/2018 17:25,4.235.095.909,-7.107.412.780
I182008109,Larceny From Motor Vehicle,30/01/2018 17:30,4.230.486.055,-7.108.154.307
I182007999,Larceny,30/01/2018 17:51,4.234.862.382,-7.108.277.637
I182007913,Aggravated Assault,30/01/2018 13:16,4.228.526.024,-7.106.444.063
I182007746,Aggravated Assault,29/01/2018 20:00,4.237.912.706,-7.106.122.663
I182007649,Residential Burglary,29/01/2018 14:50,4.231.348.708,-7.108.460.242
I182007561,Commercial Burglary,28/01/2018 15:00,4.233.800.322,-7.102.723.556
I182007461,Larceny,28/01/2018 20:33,4.235.602.373,-7.106.177.615
I182007410,Larceny,28/01/2018 15:00,4.234.091.586,-7.108.771.531
I182007296,Larceny,19/01/2018 08:00,4.234.921.756,-7.109.099.585
I182007286,Auto Theft,28/01/2018 07:46,4.231.408.477,-7.109.624.126
I182007177,Larceny,27/01/2018 18:19,4.234.442.266,-7.109.833.083
I182007084,Aggravated Assault,27/01/2018 13:01,4.228.009.279,-7.108.005.410
I182007009,Commercial Burglary,27/01/2018 03:40,4.230.203.902,-7.106.009.072
I182006851,Larceny,26/01/2018 15:18,4.233.857.000,-7.110.670.681
I182006730,Aggravated Assault,26/01/2018 07:48,4.234.373.406,-7.107.419.160
I182006623,Larceny,25/01/2018 17:51,4.231.191.960,-7.106.913.007
I182006548,Larceny From Motor Vehicle,24/01/2018 17:00,4.230.970.016,-7.108.582.414
I182006429,Larceny From Motor Vehicle,24/01/2018 02:00,4.230.492.239,-7.110.298.073
I182006353,Residential Burglary,24/01/2018 17:35,4.233.134.833,-7.110.322.483
I182006291,Larceny,24/01/2018 09:30,4.234.522.836,-7.108.537.838
I182006186,Larceny,19/01/2018 17:00,4.235.825.495,-7.106.173.472
I182006100,Larceny,23/01/2018 12:45,4.233.744.152,-7.110.428.096
I182006010,Larceny,23/01/2018 15:38,4.231.521.134,-7.108.783.592
I182005890,Aggravated Assault,23/01/2018 07:10,4.233.375.961,-7.109.574.009
I182005780,Larceny,22/01/2018 17:40,4.235.783.831,-7.105.795.495
I182005718,Larceny From Motor Vehicle,08/01/2018 11:00,4.230.150.136,-7.105.980.509
I182005618,Larceny From Motor Vehicle,20/01/2018 20:00,4.230.664.081,-7.108.584.976
I182005509,Larceny,21/01/2018 17:35,4.233.693.507,-7.106.867.002
I182005412,Larceny,21/01/2018 08:04,4.236.303.798,-7.105.524.751
I182005311,Aggravated Assault,20/01/2018 19:18,4.229.908.734,-7.108.652.243
I182005189,Aggravated Assault,20/01/2018 11:09,4.228.876.736,-7.107.289.694
I182005058,Larceny,19/01/2018 17:11,4.234.862.382,-7.108.277.637
I182004993,Robbery,19/01/2018 14:37,4.229.147.188,-7.106.270.799
I182004888,Larceny From Motor Vehicle,18/01/2018 08:45,4.237.782.671,-7.106.950.080
I182004802,Aggravated Assault,18/01/2018 19:06,4.229.098.335,-7.108.912.013
I182004716,Larceny,17/01/2018 10:00,4.237.836.482,-7.103.473.583
I182004616,Larceny From Motor Vehicle,17/01/2018 16:00,4.235.091.932,-7.105.854.263
I182004514,Larceny,17/01/2018 16:25,4.237.620.267,-7.103.979.926
I182004411,Larceny,10/01/2018 16:15,4.235.176.179,-7.107.452.168
I182004340,Robbery,17/01/2018 00:23,4.235.521.625,-7.106.012.863
I182004244,Larceny,13/01/2018 10:30,4.233.561.661,-7.103.641.895
I182004135,Larceny,16/01/2018 12:07,4.232.872.589,-7.108.382.217
I182004028,Aggravated Assault,15/01/2018 21:18,4.233.122.453,-7.109.907.131
I182003920,Larceny,15/01/2018 14:00,4.235.073.963,-7.113.047.909
I182003854,Larceny From Motor Vehicle,15/01/2018 09:02,4.228.701.738,-7.107.706.453
I182003720,Larceny,14/01/2018 01:30,4.234.535.675,-7.108.909.650
I182003646,Larceny,14/01/2018 13:09,4.228.512.354,-7.104.405.667
I182003557,Larceny From Motor Vehicle,14/01/2018 02:46,4.234.345.486,-7.107.091.946
I182003461,Larceny,12/01/2018 23:30,4.235.952.721,-7.105.358.839
I182003407,Larceny From Motor Vehicle,13/01/2018 14:07,4.233.248.496,-7.104.981.163
I182003243,Larceny,12/01/2018 22:22,4.234.322.816,-7.106.343.087
I182003148,Larceny From Motor Vehicle,08/01/2018 00:00,4.236.386.192,-7.105.495.132
I182002973,Larceny,12/01/2018 07:48,4.234.507.026,-7.108.960.466
I182002839,Larceny,11/01/2018 16:28,4.235.521.625,-7.106.012.863
I182002768,Larceny,11/01/2018 10:11,4.227.892.368,-7.108.026.116
I182002647,Larceny From Motor Vehicle,10/01/2018 23:14,4.231.790.476,-7.106.706.881
I182002460,Robbery,10/01/2018 13:10,4.229.257.648,-7.107.179.406
I182002300,Robbery,09/01/2018 23:04,4.228.787.216,-7.105.506.324
I182002159,Larceny From Motor Vehicle,08/01/2018 06:30,4.228.647.169,-7.112.419.976
I182002043,Larceny,09/01/2018 09:11,4.234.901.954,-7.108.130.134
I182001904,Aggravated Assault,08/01/2018 17:50,4.231.441.222,-7.108.530.390
I182001799,Larceny From Motor Vehicle,07/01/2018 22:00,4.235.256.908,-7.107.978.844
I182001683,Robbery,07/01/2018 19:50,4.230.433.950,-7.108.477.887
I182001522,Residential Burglary,07/01/2018 03:59,4.237.915.428,-7.106.022.431
I182001425,Robbery,06/01/2018 17:21,4.233.152.148,-7.107.085.307
I182001237,Residential Burglary,05/01/2018 22:02,4.236.183.857,-7.105.976.489
I182001060,Residential Burglary,05/01/2018 07:24,4.234.977.000,-7.108.529.411
I182000837,Larceny From Motor Vehicle,04/01/2018 01:48,4.235.235.362,-7.105.815.283
I182000728,Residential Burglary,03/01/2018 16:35,4.230.465.897,-7.106.912.603
I182000519,Larceny,03/01/2018 00:05,4.232.642.853,-7.108.628.759
I182000400,Larceny,02/01/2018 14:34,4.235.176.179,-7.107.452.168
I182000262,Aggravated Assault,02/01/2018 00:00,4.234.521.100,-7.108.814.987
I182000069,Robbery,01/01/2018 03:57,4.232.962.107,-7.105.763.827
I172074521,Larceny,10/02/2018 01:00,4.232.809.966,-7.106.321.676
I162054268,Residential Burglary,27/07/2018 17:50,4.234.442.266,-7.109.833.083
